[0x00000000, nil]
[0x2186ff4e, nil]
[0x264e9cbf, nil]
[0x2728b2c9, nil]
[0x2186ff4e, [0xd46, nil]]
[0x379607f5, nil]
[0x264e9cbf, [0xd25, nil]]
[0x5b761c35, nil]
[0x2728b2c9, [0xcff, nil]]
[0x5c4c71cb, nil]
[0x379607f5, [0xb02, nil]]
[0x715018a6, nil]
[0x2186ff4e, [0xd4d, nil]]
[0x5b761c35, [0x550, nil]]
[0x7313ee5a, nil]
[0x2728b2c9, [0xf83, [0xcff, nil]]]
[0x5c4c71cb, [0x518, nil]]
[0x7359dbfa, nil]
[0x715018a6, [0x4ae, nil]]
[0x8d3605b2, nil]
[0x8da5cb5b, nil]
[0x7359dbfa, [0x45f, nil]]
[0x94c470cb, nil]
[0x8d3605b2, [0x426, nil]]
[0x2728b2c9, [0xe86, [0xf83, [0xcff, nil]]]]
[0x2186ff4e, [0x1130, [0xd4d, nil]]]
[0xc0c53b8b, nil]
[0xc31c9c07, nil]
[0x94c470cb, [0x376, nil]]
[0xd63a6ccd, nil]
[0x2728b2c9, [0xf97, [0xe86, [0xf83, [0xcff, nil]]]]]
[0x2186ff4e, [0xd8d, [0x1130, [0xd4d, nil]]]]
[0xc0c53b8b, [0x192, nil]]
[0x7359dbfa, [0xdfd, [0x45f, nil]]]
[0xf2fde38b, nil]
[0xfc0c546a, nil]
[0x7359dbfa, [0x103d, [0xdfd, [0x45f, nil]]]]
[0xf2fde38b, [0x113, nil]]
[0x2728b2c9, [0xfb8, [0xe86, [0xf83, [0xcff, nil]]]]]
[0x94c470cb, [0x3a0, nil]]
[0xc0c53b8b, [0x199, nil]]
[0xf2fde38b, [0xdfd, [0x113, nil]]]
[0x7359dbfa, [0xe08, [0x103d, [0xdfd, [0x45f, nil]]]]]
[0x2728b2c9, [0xf69, [0xe86, [0xf83, [0xcff, nil]]]]]
[0xf2fde38b, [0x11d, [0xdfd, [0x113, nil]]]]
[0xc0c53b8b, [0x220, nil]]
[0x2728b2c9, [0x1002, [0xcff, nil]]]
[0x2728b2c9, [0x1016, [0x1002, [0xcff, nil]]]]
[0x2728b2c9, [0xe86, [0x1016, [0x1002, [0xcff, nil]]]]]
[0x2728b2c9, [0xee3, [0xe86, [0x1016, [0x1002, [0xcff, nil]]]]]]
