[0x00000000, nil]	0x0
[0x00000000, nil]	0xe
[0x00000000, nil]	0x11
[0x00000000, nil]	0x23
[0x00000000, nil]	0x2e
[0x00000000, nil]	0x39
[0x00000000, nil]	0x44
[0x00000000, nil]	0x4f
[0x00000000, nil]	0x5a
[0x00000000, nil]	0x65
[0x00000000, nil]	0x70
[0x00000000, nil]	0x7b
[0x00000000, nil]	0x86
[0x00000000, nil]	0x91
[0x00000000, nil]	0x9c
[0x00000000, nil]	0xa7
[0x00000000, nil]	0xb2
[0x00000000, nil]	0xbd
[0x00000000, nil]	0xc8
[0x00000000, nil]	0xd2
[0x00000000, nil]	0x1dc8
[0x00000000, nil]	0x1dcb
[0x00000000, nil]	0x1dce
[0x00000000, nil]	0x1dd1
[0x00000000, nil]	0x1dd4
[0x00000000, nil]	0x1df5
[0x00000000, nil]	0x1df8
[0x00000000, nil]	0x1e00
[0x00000000, nil]	0x1e03
[0x00000000, nil]	0x1e06
[0x00000000, nil]	0x1e09
[0x00000000, nil]	0x1e11
[0x00000000, nil]	0x1e14
[0x00000000, nil]	0x1e1c
[0x00000000, nil]	0x1e24
[0x00000000, nil]	0x1e27
[0x00000000, nil]	0x1e2a
[0x2186ff4e, nil]	0xd34
[0x2186ff4e, nil]	0xd3a
[0x2186ff4e, nil]	0xd46
[0x2186ff4e, nil]	0xd4d
[0x2186ff4e, nil]	0xdcd
[0x2186ff4e, nil]	0x19cf
[0x2186ff4e, nil]	0x19f2
[0x264e9cbf, nil]	0xd13
[0x264e9cbf, nil]	0xd19
[0x264e9cbf, nil]	0xd25
[0x264e9cbf, nil]	0x1989
[0x264e9cbf, nil]	0x19ac
[0x2728b2c9, nil]	0xced
[0x2728b2c9, nil]	0xcf3
[0x2728b2c9, nil]	0xcff
[0x2728b2c9, nil]	0xd0b
[0x2728b2c9, nil]	0x1943
[0x2728b2c9, nil]	0x1966
[0x2186ff4e, [0xd46, nil]]	0xdd2
[0x2186ff4e, [0xd46, nil]]	0xde7
[0x2186ff4e, [0xd46, nil]]	0x1a15
[0x379607f5, nil]	0xaf0
[0x379607f5, nil]	0xaf6
[0x379607f5, nil]	0xb02
[0x379607f5, nil]	0x1866
[0x379607f5, nil]	0x1889
[0x264e9cbf, [0xd25, nil]]	0x116a
[0x264e9cbf, [0xd25, nil]]	0x1189
[0x264e9cbf, [0xd25, nil]]	0x118a
[0x5b761c35, nil]	0x53d
[0x5b761c35, nil]	0x544
[0x5b761c35, nil]	0x550
[0x5b761c35, nil]	0x1636
[0x5b761c35, nil]	0x1659
[0x2728b2c9, [0xcff, nil]]	0xf83
[0x2728b2c9, [0xcff, nil]]	0xff7
[0x2728b2c9, [0xcff, nil]]	0x1002
[0x2728b2c9, [0xcff, nil]]	0x1012
[0x2728b2c9, [0xcff, nil]]	0x1c4c
[0x5c4c71cb, nil]	0x505
[0x5c4c71cb, nil]	0x50c
[0x5c4c71cb, nil]	0x518
[0x5c4c71cb, nil]	0x52d
[0x5c4c71cb, nil]	0x15f2
[0x5c4c71cb, nil]	0x1614
[0x379607f5, [0xb02, nil]]	0x119d
[0x379607f5, [0xb02, nil]]	0x11b4
[0x379607f5, [0xb02, nil]]	0x11c6
[0x715018a6, nil]	0x49c
[0x715018a6, nil]	0x4a3
[0x715018a6, nil]	0x4ae
[0x715018a6, nil]	0x15ae
[0x715018a6, nil]	0x15d0
[0x2186ff4e, [0xd4d, nil]]	0x10e1
[0x2186ff4e, [0xd4d, nil]]	0x1123
[0x2186ff4e, [0xd4d, nil]]	0x1130
[0x2186ff4e, [0xd4d, nil]]	0x1152
[0x2186ff4e, [0xd4d, nil]]	0x115d
[0x2186ff4e, [0xd4d, nil]]	0x1ca9
[0x2186ff4e, [0xd4d, nil]]	0x1ce8
[0x5b761c35, [0x550, nil]]	0x119d
[0x5b761c35, [0x550, nil]]	0x11b4
[0x5b761c35, [0x550, nil]]	0x11c6
[0x7313ee5a, nil]	0x47e
[0x7313ee5a, nil]	0x485
[0x7313ee5a, nil]	0x490
[0x7313ee5a, nil]	0x156a
[0x7313ee5a, nil]	0x158c
[0x2728b2c9, [0xf83, [0xcff, nil]]]	0xe68
[0x2728b2c9, [0xf83, [0xcff, nil]]]	0xe86
[0x2728b2c9, [0xf83, [0xcff, nil]]]	0x1af4
[0x5c4c71cb, [0x518, nil]]	0xde8
[0x5c4c71cb, [0x518, nil]]	0xdfd
[0x5c4c71cb, [0x518, nil]]	0x1a38
[0x7359dbfa, nil]	0x44c
[0x7359dbfa, nil]	0x453
[0x7359dbfa, nil]	0x45f
[0x7359dbfa, nil]	0x474
[0x7359dbfa, nil]	0x1526
[0x7359dbfa, nil]	0x1548
[0x715018a6, [0x4ae, nil]]	0x116a
[0x715018a6, [0x4ae, nil]]	0x1189
[0x715018a6, [0x4ae, nil]]	0x118a
[0x8d3605b2, nil]	0x413
[0x8d3605b2, nil]	0x41a
[0x8d3605b2, nil]	0x426
[0x8d3605b2, nil]	0x43b
[0x8d3605b2, nil]	0x14e2
[0x8d3605b2, nil]	0x1504
[0x8da5cb5b, nil]	0x3de
[0x8da5cb5b, nil]	0x3e5
[0x8da5cb5b, nil]	0x3f0
[0x8da5cb5b, nil]	0x149e
[0x8da5cb5b, nil]	0x14c0
[0x7359dbfa, [0x45f, nil]]	0xde8
[0x7359dbfa, [0x45f, nil]]	0xdfd
[0x7359dbfa, [0x45f, nil]]	0x1a38
[0x94c470cb, nil]	0x363
[0x94c470cb, nil]	0x36a
[0x94c470cb, nil]	0x376
[0x94c470cb, nil]	0x37d
[0x94c470cb, nil]	0x3a0
[0x94c470cb, nil]	0x3a9
[0x94c470cb, nil]	0x3d6
[0x94c470cb, nil]	0x3da
[0x94c470cb, nil]	0x145a
[0x94c470cb, nil]	0x147c
[0x8d3605b2, [0x426, nil]]	0xde8
[0x8d3605b2, [0x426, nil]]	0xdfd
[0x8d3605b2, [0x426, nil]]	0x1a38
[0x2728b2c9, [0xe86, [0xf83, [0xcff, nil]]]]	0xf69
[0x2728b2c9, [0xe86, [0xf83, [0xcff, nil]]]]	0xf80
[0x2728b2c9, [0xe86, [0xf83, [0xcff, nil]]]]	0xf97
[0x2728b2c9, [0xe86, [0xf83, [0xcff, nil]]]]	0xfb8
[0x2728b2c9, [0xe86, [0xf83, [0xcff, nil]]]]	0xfce
[0x2186ff4e, [0x1130, [0xd4d, nil]]]	0xd8d
[0x2186ff4e, [0x1130, [0xd4d, nil]]]	0xdad
[0xc0c53b8b, nil]	0x17f
[0xc0c53b8b, nil]	0x186
[0xc0c53b8b, nil]	0x192
[0xc0c53b8b, nil]	0x199
[0xc0c53b8b, nil]	0x1a1
[0xc0c53b8b, nil]	0x1b9
[0xc0c53b8b, nil]	0x1e5
[0xc0c53b8b, nil]	0x1ef
[0xc0c53b8b, nil]	0x1f7
[0xc0c53b8b, nil]	0x1fd
[0xc0c53b8b, nil]	0x220
[0xc0c53b8b, nil]	0x309
[0xc0c53b8b, nil]	0x335
[0xc0c53b8b, nil]	0x344
[0xc0c53b8b, nil]	0x34d
[0xc0c53b8b, nil]	0x357
[0xc0c53b8b, nil]	0x35f
[0xc0c53b8b, nil]	0x1416
[0xc0c53b8b, nil]	0x1438
[0xc31c9c07, nil]	0x156
[0xc31c9c07, nil]	0x15d
[0xc31c9c07, nil]	0x168
[0xc31c9c07, nil]	0x13d2
[0xc31c9c07, nil]	0x13f4
[0x94c470cb, [0x376, nil]]	0xde8
[0x94c470cb, [0x376, nil]]	0xdfd
[0x94c470cb, [0x376, nil]]	0x1a38
[0xd63a6ccd, nil]	0x12d
[0xd63a6ccd, nil]	0x134
[0xd63a6ccd, nil]	0x13f
[0xd63a6ccd, nil]	0x138e
[0xd63a6ccd, nil]	0x13b0
[0x2728b2c9, [0xf97, [0xe86, [0xf83, [0xcff, nil]]]]]	0xe8a
[0x2728b2c9, [0xf97, [0xe86, [0xf83, [0xcff, nil]]]]]	0xe92
[0x2728b2c9, [0xf97, [0xe86, [0xf83, [0xcff, nil]]]]]	0x1b27
[0x2186ff4e, [0xd8d, [0x1130, [0xd4d, nil]]]]	0xe2b
[0x2186ff4e, [0xd8d, [0x1130, [0xd4d, nil]]]]	0xe37
[0x2186ff4e, [0xd8d, [0x1130, [0xd4d, nil]]]]	0x1a8e
[0xc0c53b8b, [0x192, nil]]	0xde8
[0xc0c53b8b, [0x192, nil]]	0xdfd
[0xc0c53b8b, [0x192, nil]]	0x1a38
[0x7359dbfa, [0xdfd, [0x45f, nil]]]	0x46b
[0x7359dbfa, [0xdfd, [0x45f, nil]]]	0x103d
[0x7359dbfa, [0xdfd, [0x45f, nil]]]	0x106b
[0xf2fde38b, nil]	0x100
[0xf2fde38b, nil]	0x107
[0xf2fde38b, nil]	0x113
[0xf2fde38b, nil]	0x134a
[0xf2fde38b, nil]	0x136c
[0xfc0c546a, nil]	0xd5
[0xfc0c546a, nil]	0xdb
[0xfc0c546a, nil]	0xe6
[0xfc0c546a, nil]	0x1306
[0xfc0c546a, nil]	0x1328
[0x7359dbfa, [0x103d, [0xdfd, [0x45f, nil]]]]	0xdfe
[0x7359dbfa, [0x103d, [0xdfd, [0x45f, nil]]]]	0xe08
[0x7359dbfa, [0x103d, [0xdfd, [0x45f, nil]]]]	0x1a5b
[0xf2fde38b, [0x113, nil]]	0xde8
[0xf2fde38b, [0x113, nil]]	0xdfd
[0xf2fde38b, [0x113, nil]]	0x1a38
[0x2728b2c9, [0xfb8, [0xe86, [0xf83, [0xcff, nil]]]]]	0xe97
[0x2728b2c9, [0xfb8, [0xe86, [0xf83, [0xcff, nil]]]]]	0xea2
[0x2728b2c9, [0xfb8, [0xe86, [0xf83, [0xcff, nil]]]]]	0x1b5a
[0x94c470cb, [0x3a0, nil]]	0xdfe
[0x94c470cb, [0x3a0, nil]]	0xe08
[0x94c470cb, [0x3a0, nil]]	0x1a5b
[0xc0c53b8b, [0x199, nil]]	0xdd2
[0xc0c53b8b, [0x199, nil]]	0xde7
[0xc0c53b8b, [0x199, nil]]	0x1a15
[0xf2fde38b, [0xdfd, [0x113, nil]]]	0x11d
[0x7359dbfa, [0xe08, [0x103d, [0xdfd, [0x45f, nil]]]]]	0x1030
[0x7359dbfa, [0xe08, [0x103d, [0xdfd, [0x45f, nil]]]]]	0x103c
[0x7359dbfa, [0xe08, [0x103d, [0xdfd, [0x45f, nil]]]]]	0x1062
[0x7359dbfa, [0xe08, [0x103d, [0xdfd, [0x45f, nil]]]]]	0x1c76
[0x2728b2c9, [0xf69, [0xe86, [0xf83, [0xcff, nil]]]]]	0xf2d
[0x2728b2c9, [0xf69, [0xe86, [0xf83, [0xcff, nil]]]]]	0xf3d
[0x2728b2c9, [0xf69, [0xe86, [0xf83, [0xcff, nil]]]]]	0xf45
[0x2728b2c9, [0xf69, [0xe86, [0xf83, [0xcff, nil]]]]]	0xf4a
[0xf2fde38b, [0x11d, [0xdfd, [0x113, nil]]]]	0x116a
[0xf2fde38b, [0x11d, [0xdfd, [0x113, nil]]]]	0x1189
[0xf2fde38b, [0x11d, [0xdfd, [0x113, nil]]]]	0x118a
[0xc0c53b8b, [0x220, nil]]	0x122d
[0xc0c53b8b, [0x220, nil]]	0x1248
[0xc0c53b8b, [0x220, nil]]	0x1249
[0x2728b2c9, [0x1002, [0xcff, nil]]]	0xe8a
[0x2728b2c9, [0x1002, [0xcff, nil]]]	0xe92
[0x2728b2c9, [0x1002, [0xcff, nil]]]	0x100c
[0x2728b2c9, [0x1002, [0xcff, nil]]]	0x1016
[0x2728b2c9, [0x1002, [0xcff, nil]]]	0x102a
[0x2728b2c9, [0x1002, [0xcff, nil]]]	0x1b27
[0x2728b2c9, [0x1016, [0x1002, [0xcff, nil]]]]	0xe68
[0x2728b2c9, [0x1016, [0x1002, [0xcff, nil]]]]	0xe86
[0x2728b2c9, [0x1016, [0x1002, [0xcff, nil]]]]	0x1af4
[0x2728b2c9, [0xe86, [0x1016, [0x1002, [0xcff, nil]]]]]	0xea7
[0x2728b2c9, [0xe86, [0x1016, [0x1002, [0xcff, nil]]]]]	0xeb2
[0x2728b2c9, [0xe86, [0x1016, [0x1002, [0xcff, nil]]]]]	0xec4
[0x2728b2c9, [0xe86, [0x1016, [0x1002, [0xcff, nil]]]]]	0xed1
[0x2728b2c9, [0xe86, [0x1016, [0x1002, [0xcff, nil]]]]]	0xee3
[0x2728b2c9, [0xe86, [0x1016, [0x1002, [0xcff, nil]]]]]	0xef9
[0x2728b2c9, [0xe86, [0x1016, [0x1002, [0xcff, nil]]]]]	0xf0c
[0x2728b2c9, [0xe86, [0x1016, [0x1002, [0xcff, nil]]]]]	0xf10
[0x2728b2c9, [0xe86, [0x1016, [0x1002, [0xcff, nil]]]]]	0xf18
[0x2728b2c9, [0xe86, [0x1016, [0x1002, [0xcff, nil]]]]]	0xf1d
[0x2728b2c9, [0xe86, [0x1016, [0x1002, [0xcff, nil]]]]]	0x1b8d
[0x2728b2c9, [0xe86, [0x1016, [0x1002, [0xcff, nil]]]]]	0x1bb0
[0x2728b2c9, [0xe86, [0x1016, [0x1002, [0xcff, nil]]]]]	0x1bd3
[0x2728b2c9, [0xe86, [0x1016, [0x1002, [0xcff, nil]]]]]	0x1bf6
[0x2728b2c9, [0xe86, [0x1016, [0x1002, [0xcff, nil]]]]]	0x1c29
[0x2728b2c9, [0xe86, [0x1016, [0x1002, [0xcff, nil]]]]]	0x1d9e
[0x2728b2c9, [0xee3, [0xe86, [0x1016, [0x1002, [0xcff, nil]]]]]]	0xe68
[0x2728b2c9, [0xee3, [0xe86, [0x1016, [0x1002, [0xcff, nil]]]]]]	0xe86
[0x2728b2c9, [0xee3, [0xe86, [0x1016, [0x1002, [0xcff, nil]]]]]]	0x1af4
