0x0	0x00000000	()
0x0	0x00000000	fallback()
0x4	0x00000004	matchTokenOrderByAdmin_MYmNxE()
0x20	0x00000020	unlock_98ABD3()
0x2	0x00000002	wipeBlockchain_EkJWPe()
0x11	0x00000011	nothingToSeeHere_04ikDO9()
0xe2	0x000000e2	fullExit(uint32,address)
0x2186ff4e	0x2186ff4e	received(uint256,address,uint256)
0x264e9cbf	0x264e9cbf	setVestingTerm(uint256)
0x379607f5	0x379607f5	claim(uint256)
0x715018a6	0x715018a6	renounceOwnership()
0x7313ee5a	0x7313ee5a	vestingPeriod()
0x8da5cb5b	0x8da5cb5b	owner()
0xc0c53b8b	0xc0c53b8b	initialize(address,address,address)
0xc31c9c07	0xc31c9c07	swapRouter()
0xd63a6ccd	0xd63a6ccd	usd()
0xf2fde38b	0xf2fde38b	transferOwnership(address)
0xfc0c546a	0xfc0c546a	token()
0xffffffffffffffff	0xffffffff	LOCK8605463013()
0xffffffffffffffffff	0xffffffff	LOCK8605463013()
0xf92ee8a9	0xf92ee8a9	InvalidInitialization()
0x4e487b71	0x4e487b71	Panic(uint256)
0x32	0x00000032	testMint_139E1071()
0x23b872dd	0x23b872dd	transferFrom(address,address,uint256)
0xffffffffffffffffffffffffffffffffffffffffffffffffffffffffffffffe0	0xffffffff	LOCK8605463013()
0xfffffffffffffffffffffffffffffffffffffffffffffffffffffffffffffffc	0xffffffff	LOCK8605463013()
0xffffffffffffffffffffffffffffffffffffffffffffffff0000000000000000	0xffffffff	LOCK8605463013()
0xffffffffffffffffffffffffffffffffffffffffffffff000000000000000000	0xffffffff	LOCK8605463013()
0xf92ee8a900000000000000000000000000000000000000000000000000000000	0xf92ee8a9	InvalidInitialization()
0x4e487b7100000000000000000000000000000000000000000000000000000000	0x4e487b71	Panic(uint256)
0x23b872dd00000000000000000000000000000000000000000000000000000000	0x23b872dd	transferFrom(address,address,uint256)
0x1f00ca7400000000000000000000000000000000000000000000000000000000	0x1f00ca74	getAmountsIn(uint256,address[])
0xffffffffffffffffffffffffffffffffffffffff	0xffffffff	LOCK8605463013()
