0x0	__function_selector__
0xd5	token()
0x100	transferOwnership(address)
0x12d	usd()
0x156	swapRouter()
0x17f	initialize(address,address,address)
0x363	0x94c470cb
0x3de	owner()
0x413	0x8d3605b2
0x44c	0x7359dbfa
0x47e	vestingPeriod()
0x49c	renounceOwnership()
0x505	0x5c4c71cb
0x53d	0x5b761c35
0xaf0	claim(uint256)
0xced	0x2728b2c9
0xd13	setVestingTerm(uint256)
0xd34	received(uint256,address,uint256)
0xdd2	0xdd2
0xde8	0xde8
0xdfe	0xdfe
0xe2b	0xe2b
0xe68	0xe68
0xea7	0xea7
0xf2d	0xf2d
0xf69	0xf69
0x1030	0x1030
0x10e1	0x10e1
