0x391	['VAR', '0x386', nil]	0
0x391	['VAR', '0x363arg0x1', nil]	1
0x443	['VAR', '0x43c', nil]	0
0x443	['VAR', '0x43f', nil]	1
0x534	['VAR', '0x52e', nil]	0
0x534	['VAR', '0x505arg0x1', nil]	1
0xda2	['VAR', '0xd95', nil]	0
0xda2	['VAR', '0xd9a', nil]	1
0x105d	['VAR', '0x1053', nil]	0
0x105d	['VAR', '0x1056', nil]	1
0xe0fS0x3a0	['VAR', '0x391', nil]	0
0xe0fS0x103d	['VAR', '0x105d', nil]	0
0x1c56	['RETURNDATA', '0xffb', ['0x1c51', '0x1c50']]	0
0x1cf0S0xd4d	['RETURNDATA', '0x1115S0xd4d', ['0x1cebV0xd4d', '0x1ceaV0xd4d']]	0
