0x0	[0x0, nil]
0x3f	[0x3f, nil]
0x60	[0x60, nil]
0x4	[0x4, nil]
0x2	[0x2, nil]
0x5	[0x5, nil]
0x7	[0x7, nil]
0x8	[0x8, nil]
0x9	[0x9, nil]
0xa	[0xa, nil]
0xe	[0xe, nil]
0x12	[0x12, nil]
0x13	[0x13, nil]
0x14	[0x14, nil]
0x15	[0x15, nil]
0x17	[0x17, nil]
0x19	[0x19, nil]
0x1e	[0x1e, nil]
0x24	[0x24, nil]
0x29	[0x29, nil]
0x2f	[0x2f, nil]
0x34	[0x34, nil]
0x3a	[0x3a, nil]
0x45	[0x45, nil]
0x4a	[0x4a, nil]
0x50	[0x50, nil]
0x55	[0x55, nil]
0x5b	[0x5b, nil]
0x66	[0x66, nil]
0x6b	[0x6b, nil]
0x71	[0x71, nil]
0x76	[0x76, nil]
0x7c	[0x7c, nil]
0x81	[0x81, nil]
0x87	[0x87, nil]
0x8c	[0x8c, nil]
0x92	[0x92, nil]
0x97	[0x97, nil]
0x9d	[0x9d, nil]
0xa2	[0xa2, nil]
0xa8	[0xa8, nil]
0xad	[0xad, nil]
0xb3	[0xb3, nil]
0xb8	[0xb8, nil]
0xbe	[0xbe, nil]
0xc3	[0xc3, nil]
0xc8	[0xc8, nil]
0xcd	[0xcd, nil]
0xd2	[0xd2, nil]
0xd6	[0xd6, nil]
0xd7	[0xd7, nil]
0xdc	[0xdc, nil]
0xde	[0xde, nil]
0xdf	[0xdf, nil]
0xe0	[0xe0, nil]
0xe1	[0xe1, nil]
0xe2	[0xe2, nil]
0xe6	[0xe6, nil]
0xe8	[0xe8, nil]
0xe9	[0xe9, nil]
0xeb	[0xeb, nil]
0xec	[0xec, nil]
0xee	[0xee, nil]
0xf0	[0xf0, nil]
0xf2	[0xf2, nil]
0xf3	[0xf3, nil]
0xf6	[0xf6, nil]
0xf9	[0xf9, nil]
0x102	[0x102, nil]
0x103	[0x103, nil]
0x107	[0x107, nil]
0x109	[0x109, nil]
0x10a	[0x10a, nil]
0x10c	[0x10c, nil]
0x10d	[0x10d, nil]
0x10e	[0x10e, nil]
0x10f	[0x10f, nil]
0x113	[0x113, nil]
0x116	[0x116, nil]
0x119	[0x119, nil]
0x11e	[0x11e, nil]
0x121	[0x121, nil]
0x12f	[0x12f, nil]
0x130	[0x130, nil]
0x135	[0x135, nil]
0x137	[0x137, nil]
0x138	[0x138, nil]
0x139	[0x139, nil]
0x13a	[0x13a, nil]
0x13b	[0x13b, nil]
0x13f	[0x13f, nil]
0x141	[0x141, nil]
0x142	[0x142, nil]
0x144	[0x144, nil]
0x145	[0x145, nil]
0x147	[0x147, nil]
0x149	[0x149, nil]
0x14b	[0x14b, nil]
0x14c	[0x14c, nil]
0x14f	[0x14f, nil]
0x152	[0x152, nil]
0x158	[0x158, nil]
0x159	[0x159, nil]
0x15e	[0x15e, nil]
0x160	[0x160, nil]
0x161	[0x161, nil]
0x162	[0x162, nil]
0x163	[0x163, nil]
0x164	[0x164, nil]
0x168	[0x168, nil]
0x16a	[0x16a, nil]
0x16b	[0x16b, nil]
0x16d	[0x16d, nil]
0x16e	[0x16e, nil]
0x170	[0x170, nil]
0x172	[0x172, nil]
0x174	[0x174, nil]
0x175	[0x175, nil]
0x178	[0x178, nil]
0x17b	[0x17b, nil]
0x181	[0x181, nil]
0x182	[0x182, nil]
0x186	[0x186, nil]
0x188	[0x188, nil]
0x189	[0x189, nil]
0x18b	[0x18b, nil]
0x18c	[0x18c, nil]
0x18d	[0x18d, nil]
0x18e	[0x18e, nil]
0x192	[0x192, nil]
0x195	[0x195, nil]
0x19a	[0x19a, nil]
0x19d	[0x19d, nil]
0x1a3	[0x1a3, nil]
0x1a5	[0x1a5, nil]
0x1a6	[0x1a6, nil]
0x1a8	[0x1a8, nil]
0x1aa	[0x1aa, nil]
0x1ac	[0x1ac, nil]
0x1ad	[0x1ad, nil]
0x1af	[0x1af, nil]
0x1b4	[0x1b4, nil]
0x1b5	[0x1b5, nil]
0x1b9	[0x1b9, nil]
0x1ba	[0x1ba, nil]
0x1bb	[0x1bb, nil]
0x1bd	[0x1bd, nil]
0x1c0	[0x1c0, nil]
0x1c2	[0x1c2, nil]
0x1c3	[0x1c3, nil]
0x1c5	[0x1c5, nil]
0x1c7	[0x1c7, nil]
0x1c9	[0x1c9, nil]
0x1cc	[0x1cc, nil]
0x1ce	[0x1ce, nil]
0x1cf	[0x1cf, nil]
0x1d0	[0x1d0, nil]
0x1d2	[0x1d2, nil]
0x1dc	[0x1dc, nil]
0x1de	[0x1de, nil]
0x1e1	[0x1e1, nil]
0x1e6	[0x1e6, nil]
0x1e8	[0x1e8, nil]
0x1eb	[0x1eb, nil]
0x1f0	[0x1f0, nil]
0x1f3	[0x1f3, nil]
0x1f9	[0x1f9, nil]
0x1fd	[0x1fd, nil]
0x206	[0x206, nil]
0x208	[0x208, nil]
0x209	[0x209, nil]
0x20b	[0x20b, nil]
0x20c	[0x20c, nil]
0x20d	[0x20d, nil]
0x20e	[0x20e, nil]
0x210	[0x210, nil]
0x213	[0x213, nil]
0x215	[0x215, nil]
0x216	[0x216, nil]
0x218	[0x218, nil]
0x21c	[0x21c, nil]
0x222	[0x222, nil]
0x225	[0x225, nil]
0x30a	[0x30a, nil]
0x314	[0x314, nil]
0x315	[0x315, nil]
0x316	[0x316, nil]
0x320	[0x320, nil]
0x321	[0x321, nil]
0x322	[0x322, nil]
0x323	[0x323, nil]
0x325	[0x325, nil]
0x328	[0x328, nil]
0x32a	[0x32a, nil]
0x32b	[0x32b, nil]
0x32d	[0x32d, nil]
0x330	[0x330, nil]
0x331	[0x331, nil]
0x336	[0x336, nil]
0x33b	[0x33b, nil]
0x33d	[0x33d, nil]
0x340	[0x340, nil]
0x347	[0x347, nil]
0x348	[0x348, nil]
0x349	[0x349, nil]
0x34e	[0x34e, nil]
0x34f	[0x34f, nil]
0x350	[0x350, nil]
0x353	[0x353, nil]
0x35b	[0x35b, nil]
0x365	[0x365, nil]
0x366	[0x366, nil]
0x36a	[0x36a, nil]
0x36c	[0x36c, nil]
0x36d	[0x36d, nil]
0x36f	[0x36f, nil]
0x370	[0x370, nil]
0x371	[0x371, nil]
0x372	[0x372, nil]
0x376	[0x376, nil]
0x379	[0x379, nil]
0x37e	[0x37e, nil]
0x380	[0x380, nil]
0x382	[0x382, nil]
0x384	[0x384, nil]
0x385	[0x385, nil]
0x386	[0x386, nil]
0x389	[0x389, nil]
0x38e	[0x38e, nil]
0x391	[0x391, nil]
0x393	[0x393, nil]
0x394	[0x394, nil]
0x396	[0x396, nil]
0x39a	[0x39a, nil]
0x39b	[0x39b, nil]
0x39c	[0x39c, nil]
0x3a0	[0x3a0, nil]
0x3a5	[0x3a5, nil]
0x3ac	[0x3ac, nil]
0x3ad	[0x3ad, nil]
0x3b0	[0x3b0, nil]
0x3b2	[0x3b2, nil]
0x3b5	[0x3b5, nil]
0x3b6	[0x3b6, nil]
0x3b8	[0x3b8, nil]
0x3b9	[0x3b9, nil]
0x3ba	[0x3ba, nil]
0x3bc	[0x3bc, nil]
0x3c1	[0x3c1, nil]
0x3c7	[0x3c7, nil]
0x3ca	[0x3ca, nil]
0x3ce	[0x3ce, nil]
0x3d1	[0x3d1, nil]
0x3d3	[0x3d3, nil]
0x3d7	[0x3d7, nil]
0x3e0	[0x3e0, nil]
0x3e1	[0x3e1, nil]
0x3e6	[0x3e6, nil]
0x3e8	[0x3e8, nil]
0x3e9	[0x3e9, nil]
0x3ea	[0x3ea, nil]
0x3eb	[0x3eb, nil]
0x3ec	[0x3ec, nil]
0x3f0	[0x3f0, nil]
0x3f1	[0x3f1, nil]
0x3f2	[0x3f2, nil]
0x3f4	[0x3f4, nil]
0x3f7	[0x3f7, nil]
0x3f9	[0x3f9, nil]
0x3fa	[0x3fa, nil]
0x3fc	[0x3fc, nil]
0x3fe	[0x3fe, nil]
0x3ff	[0x3ff, nil]
0x401	[0x401, nil]
0x402	[0x402, nil]
0x404	[0x404, nil]
0x406	[0x406, nil]
0x408	[0x408, nil]
0x409	[0x409, nil]
0x40c	[0x40c, nil]
0x40f	[0x40f, nil]
0x415	[0x415, nil]
0x416	[0x416, nil]
0x41a	[0x41a, nil]
0x41c	[0x41c, nil]
0x41d	[0x41d, nil]
0x41f	[0x41f, nil]
0x420	[0x420, nil]
0x421	[0x421, nil]
0x422	[0x422, nil]
0x426	[0x426, nil]
0x429	[0x429, nil]
0x42c	[0x42c, nil]
0x42e	[0x42e, nil]
0x430	[0x430, nil]
0x432	[0x432, nil]
0x433	[0x433, nil]
0x434	[0x434, nil]
0x437	[0x437, nil]
0x43c	[0x43c, nil]
0x43f	[0x43f, nil]
0x443	[0x443, nil]
0x444	[0x444, nil]
0x445	[0x445, nil]
0x447	[0x447, nil]
0x44e	[0x44e, nil]
0x44f	[0x44f, nil]
0x453	[0x453, nil]
0x455	[0x455, nil]
0x456	[0x456, nil]
0x458	[0x458, nil]
0x459	[0x459, nil]
0x45a	[0x45a, nil]
0x45b	[0x45b, nil]
0x45f	[0x45f, nil]
0x461	[0x461, nil]
0x464	[0x464, nil]
0x467	[0x467, nil]
0x46c	[0x46c, nil]
0x46e	[0x46e, nil]
0x470	[0x470, nil]
0x475	[0x475, nil]
0x477	[0x477, nil]
0x479	[0x479, nil]
0x47a	[0x47a, nil]
0x480	[0x480, nil]
0x481	[0x481, nil]
0x486	[0x486, nil]
0x488	[0x488, nil]
0x489	[0x489, nil]
0x48a	[0x48a, nil]
0x48b	[0x48b, nil]
0x48c	[0x48c, nil]
0x490	[0x490, nil]
0x492	[0x492, nil]
0x494	[0x494, nil]
0x495	[0x495, nil]
0x497	[0x497, nil]
0x49e	[0x49e, nil]
0x49f	[0x49f, nil]
0x4a4	[0x4a4, nil]
0x4a6	[0x4a6, nil]
0x4a7	[0x4a7, nil]
0x4a8	[0x4a8, nil]
0x4a9	[0x4a9, nil]
0x4aa	[0x4aa, nil]
0x4ae	[0x4ae, nil]
0x4b1	[0x4b1, nil]
0x507	[0x507, nil]
0x508	[0x508, nil]
0x50c	[0x50c, nil]
0x50e	[0x50e, nil]
0x50f	[0x50f, nil]
0x511	[0x511, nil]
0x512	[0x512, nil]
0x513	[0x513, nil]
0x514	[0x514, nil]
0x518	[0x518, nil]
0x51b	[0x51b, nil]
0x51e	[0x51e, nil]
0x520	[0x520, nil]
0x522	[0x522, nil]
0x524	[0x524, nil]
0x525	[0x525, nil]
0x526	[0x526, nil]
0x529	[0x529, nil]
0x52e	[0x52e, nil]
0x534	[0x534, nil]
0x535	[0x535, nil]
0x536	[0x536, nil]
0x538	[0x538, nil]
0x53f	[0x53f, nil]
0x540	[0x540, nil]
0x544	[0x544, nil]
0x546	[0x546, nil]
0x547	[0x547, nil]
0x549	[0x549, nil]
0x54a	[0x54a, nil]
0x54b	[0x54b, nil]
0x54c	[0x54c, nil]
0x550	[0x550, nil]
0x552	[0x552, nil]
0x553	[0x553, nil]
0x556	[0x556, nil]
0xaf1	[0xaf1, nil]
0xaf2	[0xaf2, nil]
0xaf6	[0xaf6, nil]
0xaf8	[0xaf8, nil]
0xaf9	[0xaf9, nil]
0xafb	[0xafb, nil]
0xafc	[0xafc, nil]
0xafd	[0xafd, nil]
0xafe	[0xafe, nil]
0xb02	[0xb02, nil]
0xb04	[0xb04, nil]
0xb05	[0xb05, nil]
0xb08	[0xb08, nil]
0xcee	[0xcee, nil]
0xcef	[0xcef, nil]
0xcf3	[0xcf3, nil]
0xcf5	[0xcf5, nil]
0xcf6	[0xcf6, nil]
0xcf8	[0xcf8, nil]
0xcf9	[0xcf9, nil]
0xcfa	[0xcfa, nil]
0xcfb	[0xcfb, nil]
0xcff	[0xcff, nil]
0xd01	[0xd01, nil]
0xd04	[0xd04, nil]
0xd06	[0xd06, nil]
0xd07	[0xd07, nil]
0xd0c	[0xd0c, nil]
0xd0e	[0xd0e, nil]
0xd14	[0xd14, nil]
0xd15	[0xd15, nil]
0xd19	[0xd19, nil]
0xd1b	[0xd1b, nil]
0xd1c	[0xd1c, nil]
0xd1e	[0xd1e, nil]
0xd1f	[0xd1f, nil]
0xd20	[0xd20, nil]
0xd21	[0xd21, nil]
0xd25	[0xd25, nil]
0xd28	[0xd28, nil]
0xd35	[0xd35, nil]
0xd36	[0xd36, nil]
0xd3a	[0xd3a, nil]
0xd3c	[0xd3c, nil]
0xd3d	[0xd3d, nil]
0xd3f	[0xd3f, nil]
0xd40	[0xd40, nil]
0xd41	[0xd41, nil]
0xd42	[0xd42, nil]
0xd46	[0xd46, nil]
0xd49	[0xd49, nil]
0xd4e	[0xd4e, nil]
0xd6f	[0xd6f, nil]
0xd72	[0xd72, nil]
0xd74	[0xd74, nil]
0xd76	[0xd76, nil]
0xd7a	[0xd7a, nil]
0xd7d	[0xd7d, nil]
0xd7f	[0xd7f, nil]
0xd80	[0xd80, nil]
0xd81	[0xd81, nil]
0xd83	[0xd83, nil]
0xd84	[0xd84, nil]
0xd85	[0xd85, nil]
0xd87	[0xd87, nil]
0xd89	[0xd89, nil]
0xd8e	[0xd8e, nil]
0xd91	[0xd91, nil]
0xd93	[0xd93, nil]
0xd94	[0xd94, nil]
0xd95	[0xd95, nil]
0xd98	[0xd98, nil]
0xd9a	[0xd9a, nil]
0xd9c	[0xd9c, nil]
0xd9f	[0xd9f, nil]
0xda1	[0xda1, nil]
0xda2	[0xda2, nil]
0xda3	[0xda3, nil]
0xda8	[0xda8, nil]
0xda9	[0xda9, nil]
0xdb0	[0xdb0, nil]
0xdb3	[0xdb3, nil]
0xdb7	[0xdb7, nil]
0xdb9	[0xdb9, nil]
0xdba	[0xdba, nil]
0xdbd	[0xdbd, nil]
0xdbf	[0xdbf, nil]
0xdc2	[0xdc2, nil]
0xdc7	[0xdc7, nil]
0xdca	[0xdca, nil]
0xdce	[0xdce, nil]
0xe8c	[0xe8c, nil]
0xe8d	[0xe8d, nil]
0xe8e	[0xe8e, nil]
0xe92	[0xe92, nil]
0xe94	[0xe94, nil]
0xe99	[0xe99, nil]
0xe9a	[0xe9a, nil]
0xe9c	[0xe9c, nil]
0xe9d	[0xe9d, nil]
0xe9e	[0xe9e, nil]
0xea2	[0xea2, nil]
0xea4	[0xea4, nil]
0xf84	[0xf84, nil]
0xf85	[0xf85, nil]
0xf89	[0xf89, nil]
0xf8b	[0xf8b, nil]
0xf8d	[0xf8d, nil]
0xf90	[0xf90, nil]
0xf93	[0xf93, nil]
0xf98	[0xf98, nil]
0xf9c	[0xf9c, nil]
0xf9e	[0xf9e, nil]
0xf9f	[0xf9f, nil]
0xfa2	[0xfa2, nil]
0xfa4	[0xfa4, nil]
0xfa6	[0xfa6, nil]
0xfa7	[0xfa7, nil]
0xfa9	[0xfa9, nil]
0xfab	[0xfab, nil]
0xfad	[0xfad, nil]
0xfae	[0xfae, nil]
0xfaf	[0xfaf, nil]
0xfb0	[0xfb0, nil]
0xfb4	[0xfb4, nil]
0xfba	[0xfba, nil]
0xfbc	[0xfbc, nil]
0xfbd	[0xfbd, nil]
0xfbf	[0xfbf, nil]
0xfc1	[0xfc1, nil]
0xfc3	[0xfc3, nil]
0xfc4	[0xfc4, nil]
0xfc5	[0xfc5, nil]
0xfc6	[0xfc6, nil]
0xfca	[0xfca, nil]
0xfd0	[0xfd0, nil]
0xfd3	[0xfd3, nil]
0xfd5	[0xfd5, nil]
0xfd6	[0xfd6, nil]
0xfd7	[0xfd7, nil]
0xfd9	[0xfd9, nil]
0xfda	[0xfda, nil]
0xfdc	[0xfdc, nil]
0xfde	[0xfde, nil]
0xfe5	[0xfe5, nil]
0xfea	[0xfea, nil]
0xfec	[0xfec, nil]
0xfef	[0xfef, nil]
0xff2	[0xff2, nil]
0xff3	[0xff3, nil]
0xff8	[0xff8, nil]
0xffa	[0xffa, nil]
0xffb	[0xffb, nil]
0xffd	[0xffd, nil]
0xffe	[0xffe, nil]
0x1002	[0x1002, nil]
0x1006	[0x1006, nil]
0x1008	[0x1008, nil]
0x100e	[0x100e, nil]
0x1013	[0x1013, nil]
0x1017	[0x1017, nil]
0x101c	[0x101c, nil]
0x101e	[0x101e, nil]
0x1021	[0x1021, nil]
0x1026	[0x1026, nil]
0x102b	[0x102b, nil]
0x102c	[0x102c, nil]
0x103f	[0x103f, nil]
0x1041	[0x1041, nil]
0x1044	[0x1044, nil]
0x1048	[0x1048, nil]
0x104a	[0x104a, nil]
0x104c	[0x104c, nil]
0x104f	[0x104f, nil]
0x1051	[0x1051, nil]
0x1052	[0x1052, nil]
0x1053	[0x1053, nil]
0x1054	[0x1054, nil]
0x1056	[0x1056, nil]
0x1057	[0x1057, nil]
0x105a	[0x105a, nil]
0x105c	[0x105c, nil]
0x105d	[0x105d, nil]
0x105e	[0x105e, nil]
0x1064	[0x1064, nil]
0x1065	[0x1065, nil]
0x1066	[0x1066, nil]
0x1067	[0x1067, nil]
0x106c	[0x106c, nil]
0x106d	[0x106d, nil]
0x122e	[0x122e, nil]
0x1230	[0x1230, nil]
0x1231	[0x1231, nil]
0x1232	[0x1232, nil]
0x1234	[0x1234, nil]
0x1237	[0x1237, nil]
0x1239	[0x1239, nil]
0x123a	[0x123a, nil]
0x123c	[0x123c, nil]
0x123e	[0x123e, nil]
0x123f	[0x123f, nil]
0x1241	[0x1241, nil]
0x1242	[0x1242, nil]
0x1243	[0x1243, nil]
0x1244	[0x1244, nil]
0x124a	[0x124a, nil]
0x124f	[0x124f, nil]
0x1251	[0x1251, nil]
0x1252	[0x1252, nil]
0x1254	[0x1254, nil]
0x1256	[0x1256, nil]
0x1637	[0x1637, nil]
0x165a	[0x165a, nil]
0x1867	[0x1867, nil]
0x188a	[0x188a, nil]
0x1944	[0x1944, nil]
0x1967	[0x1967, nil]
0x198a	[0x198a, nil]
0x19ad	[0x19ad, nil]
0x19d0	[0x19d0, nil]
0x19f3	[0x19f3, nil]
0x1b28	[0x1b28, nil]
0x1b2d	[0x1b2d, nil]
0x1b2f	[0x1b2f, nil]
0x1b30	[0x1b30, nil]
0x1b32	[0x1b32, nil]
0x1b34	[0x1b34, nil]
0x1b37	[0x1b37, nil]
0x1b39	[0x1b39, nil]
0x1b5b	[0x1b5b, nil]
0x1b60	[0x1b60, nil]
0x1b62	[0x1b62, nil]
0x1b63	[0x1b63, nil]
0x1b65	[0x1b65, nil]
0x1b67	[0x1b67, nil]
0x1b6a	[0x1b6a, nil]
0x1b6c	[0x1b6c, nil]
0x1c4d	[0x1c4d, nil]
0x1c4f	[0x1c4f, nil]
0x1c50	[0x1c50, nil]
0x1c51	[0x1c51, nil]
0x1c54	[0x1c54, nil]
0x1da0	[0x1da0, nil]
0x1da2	[0x1da2, nil]
0x1da6	[0x1e2a, nil]
0x1da6	[0x23, nil]
0x1da8	[0x1e27, nil]
0x1da8	[0x2e, nil]
0x1daa	[0x1e24, nil]
0x1daa	[0x39, nil]
0x1dac	[0x44, nil]
0x1dac	[0x1e1c, nil]
0x1dae	[0x1e14, nil]
0x1dae	[0x4f, nil]
0x1db0	[0x1e11, nil]
0x1db0	[0x5a, nil]
0x1db2	[0x1e09, nil]
0x1db2	[0x65, nil]
0x1db4	[0x1e06, nil]
0x1db4	[0x70, nil]
0x1db6	[0x1e03, nil]
0x1db6	[0x7b, nil]
0x1db8	[0x1e00, nil]
0x1db8	[0x86, nil]
0x1dba	[0x1df8, nil]
0x1dba	[0x91, nil]
0x1dbc	[0x1df5, nil]
0x1dbc	[0x9c, nil]
0x1dbe	[0x1dd4, nil]
0x1dbe	[0xa7, nil]
0x1dc0	[0x1dd1, nil]
0x1dc0	[0xb2, nil]
0x1dc2	[0x1dce, nil]
0x1dc2	[0xbd, nil]
0x1dc4	[0xc8, nil]
0x1dc4	[0x1dcb, nil]
0x1dc6	[0xd2, nil]
0x1dc6	[0x1dc8, nil]
0x1dda	[0x357, nil]
0x1dda	[0x1e5, nil]
0x1ddf	[0x309, nil]
0x1ddf	[0x220, nil]
0x1df3	[0x220, nil]
0x1e44	[0x1248, nil]
0x1e44	[0x1249, nil]
0x11b00x53d	[0x11b0, nil]
0x11b00xaf0	[0x11b0, nil]
0x11850x100	[0x1185, nil]
0x11850x49c	[0x1185, nil]
0x11850xd13	[0x1185, nil]
0x1e3a0x53d	[0x11b4, nil]
0x1e3a0x53d	[0x11c6, nil]
0x1e3a0xaf0	[0x11b4, nil]
0x1e3a0xaf0	[0x11c6, nil]
0x1e350x100	[0x1189, nil]
0x1e350x100	[0x118a, nil]
0x1e350x49c	[0x1189, nil]
0x1e350x49c	[0x118a, nil]
0x1e350xd13	[0x1189, nil]
0x1e350xd13	[0x118a, nil]
0x11d30x53d	[0x11d3, nil]
0x11d30xaf0	[0x11d3, nil]
0x11d10x53d	[0x11d1, nil]
0x11d10xaf0	[0x11d1, nil]
0x11cf0x53d	[0x11cf, nil]
0x11cf0xaf0	[0x11cf, nil]
0x11ce0x53d	[0x11ce, nil]
0x11ce0xaf0	[0x11ce, nil]
0x11cc0x53d	[0x11cc, nil]
0x11cc0xaf0	[0x11cc, nil]
0x11c70x53d	[0x11c7, nil]
0x11c70xaf0	[0x11c7, nil]
0x11c20x53d	[0x11c2, nil]
0x11c20xaf0	[0x11c2, nil]
0x11c00x53d	[0x11c0, nil]
0x11c00xaf0	[0x11c0, nil]
0x11bf0x53d	[0x11bf, nil]
0x11bf0xaf0	[0x11bf, nil]
0x11bd0x53d	[0x11bd, nil]
0x11bd0xaf0	[0x11bd, nil]
0x11ba0x53d	[0x11ba, nil]
0x11ba0xaf0	[0x11ba, nil]
0x11b80x53d	[0x11b8, nil]
0x11b80xaf0	[0x11b8, nil]
0x11b70x53d	[0x11b7, nil]
0x11b70xaf0	[0x11b7, nil]
0x11b60x53d	[0x11b6, nil]
0x11b60xaf0	[0x11b6, nil]
0x11b40x53d	[0x11b4, nil]
0x11b40xaf0	[0x11b4, nil]
0x11af0x53d	[0x11af, nil]
0x11af0xaf0	[0x11af, nil]
0x11ae0x53d	[0x11ae, nil]
0x11ae0xaf0	[0x11ae, nil]
0x11ac0x53d	[0x11ac, nil]
0x11ac0xaf0	[0x11ac, nil]
0x11aa0x53d	[0x11aa, nil]
0x11aa0xaf0	[0x11aa, nil]
0x11a90x53d	[0x11a9, nil]
0x11a90xaf0	[0x11a9, nil]
0x11a70x53d	[0x11a7, nil]
0x11a70xaf0	[0x11a7, nil]
0x11a40x53d	[0x11a4, nil]
0x11a40xaf0	[0x11a4, nil]
0x11a20x53d	[0x11a2, nil]
0x11a20xaf0	[0x11a2, nil]
0x11a10x53d	[0x11a1, nil]
0x11a10xaf0	[0x11a1, nil]
0x11a00x53d	[0x11a0, nil]
0x11a00xaf0	[0x11a0, nil]
0x119e0x53d	[0x119e, nil]
0x119e0xaf0	[0x119e, nil]
0x119b0x100	[0x119b, nil]
0x119b0x49c	[0x119b, nil]
0x119b0xd13	[0x119b, nil]
0x11990x100	[0x1199, nil]
0x11990x49c	[0x1199, nil]
0x11990xd13	[0x1199, nil]
0x11960x100	[0x1196, nil]
0x11960x49c	[0x1196, nil]
0x11960xd13	[0x1196, nil]
0x11950x100	[0x1195, nil]
0x11950x49c	[0x1195, nil]
0x11950xd13	[0x1195, nil]
0x11930x100	[0x1193, nil]
0x11930x49c	[0x1193, nil]
0x11930xd13	[0x1193, nil]
0x11920x100	[0x1192, nil]
0x11920x49c	[0x1192, nil]
0x11920xd13	[0x1192, nil]
0x11900x100	[0x1190, nil]
0x11900x49c	[0x1190, nil]
0x11900xd13	[0x1190, nil]
0x118b0x100	[0x118b, nil]
0x118b0x49c	[0x118b, nil]
0x118b0xd13	[0x118b, nil]
0x11840x100	[0x1184, nil]
0x11840x49c	[0x1184, nil]
0x11840xd13	[0x1184, nil]
0x11830x100	[0x1183, nil]
0x11830x49c	[0x1183, nil]
0x11830xd13	[0x1183, nil]
0x11820x100	[0x1182, nil]
0x11820x49c	[0x1182, nil]
0x11820xd13	[0x1182, nil]
0x11810x100	[0x1181, nil]
0x11810x49c	[0x1181, nil]
0x11810xd13	[0x1181, nil]
0x11800x100	[0x1180, nil]
0x11800x49c	[0x1180, nil]
0x11800xd13	[0x1180, nil]
0x117e0x100	[0x117e, nil]
0x117e0x49c	[0x117e, nil]
0x117e0xd13	[0x117e, nil]
0x117c0x100	[0x117c, nil]
0x117c0x49c	[0x117c, nil]
0x117c0xd13	[0x117c, nil]
0x117a0x100	[0x117a, nil]
0x117a0x49c	[0x117a, nil]
0x117a0xd13	[0x117a, nil]
0x11790x100	[0x1179, nil]
0x11790x49c	[0x1179, nil]
0x11790xd13	[0x1179, nil]
0x11770x100	[0x1177, nil]
0x11770x49c	[0x1177, nil]
0x11770xd13	[0x1177, nil]
0x11750x100	[0x1175, nil]
0x11750x49c	[0x1175, nil]
0x11750xd13	[0x1175, nil]
0x11740x100	[0x1174, nil]
0x11740x49c	[0x1174, nil]
0x11740xd13	[0x1174, nil]
0x11720x100	[0x1172, nil]
0x11720x49c	[0x1172, nil]
0x11720xd13	[0x1172, nil]
0x116f0x100	[0x116f, nil]
0x116f0x49c	[0x116f, nil]
0x116f0xd13	[0x116f, nil]
0x116d0x100	[0x116d, nil]
0x116d0x49c	[0x116d, nil]
0x116d0xd13	[0x116d, nil]
0x116c0x100	[0x116c, nil]
0x116c0x49c	[0x116c, nil]
0x116c0xd13	[0x116c, nil]
0x116b0x100	[0x116b, nil]
0x116b0x49c	[0x116b, nil]
0x116b0xd13	[0x116b, nil]
0xde9S0x113	[0x11c, [0xde9, nil]]
0xdebS0x113	[0x11c, [0xdeb, nil]]
0xdedS0x113	[0x11c, [0xded, nil]]
0xdefS0x113	[0x11c, [0xdef, nil]]
0xdf1S0x113	[0x11c, [0xdf1, nil]]
0xdf3S0x113	[0x11c, [0xdf3, nil]]
0xdf4S0x113	[0x11c, [0xdf4, nil]]
0xdf6S0x113	[0x11c, [0xdf6, nil]]
0xdf8S0x113	[0x11c, [0xdf8, nil]]
0xdf9S0x113	[0x11c, [0xdf9, nil]]
0x1a39S0x113	[0x11c, [0x1a39, nil]]
0xde9S0x192	[0x198, [0xde9, nil]]
0xdebS0x192	[0x198, [0xdeb, nil]]
0xdedS0x192	[0x198, [0xded, nil]]
0xdefS0x192	[0x198, [0xdef, nil]]
0xdf1S0x192	[0x198, [0xdf1, nil]]
0xdf3S0x192	[0x198, [0xdf3, nil]]
0xdf4S0x192	[0x198, [0xdf4, nil]]
0xdf6S0x192	[0x198, [0xdf6, nil]]
0xdf8S0x192	[0x198, [0xdf8, nil]]
0xdf9S0x192	[0x198, [0xdf9, nil]]
0x1a39S0x192	[0x198, [0x1a39, nil]]
0xde9S0x376	[0x37c, [0xde9, nil]]
0xdebS0x376	[0x37c, [0xdeb, nil]]
0xdedS0x376	[0x37c, [0xded, nil]]
0xdefS0x376	[0x37c, [0xdef, nil]]
0xdf1S0x376	[0x37c, [0xdf1, nil]]
0xdf3S0x376	[0x37c, [0xdf3, nil]]
0xdf4S0x376	[0x37c, [0xdf4, nil]]
0xdf6S0x376	[0x37c, [0xdf6, nil]]
0xdf8S0x376	[0x37c, [0xdf8, nil]]
0xdf9S0x376	[0x37c, [0xdf9, nil]]
0x1a39S0x376	[0x37c, [0x1a39, nil]]
0xe08S0x3a0	[0x3a8, [0xe08, nil]]
0xe0aS0x3a0	[0x3a8, [0xe0a, nil]]
0xe0cS0x3a0	[0x3a8, [0xe0c, nil]]
0xe0eS0x3a0	[0x3a8, [0xe0e, nil]]
0xe0fS0x3a0	[0x3a8, [0xe0f, nil]]
0xe11S0x3a0	[0x3a8, [0xe11, nil]]
0xe12S0x3a0	[0x3a8, [0xe12, nil]]
0xe14S0x3a0	[0x3a8, [0xe14, nil]]
0xe00S0x3a0	[0x3a8, [0xe00, nil]]
0xe02S0x3a0	[0x3a8, [0xe02, nil]]
0xe03S0x3a0	[0x3a8, [0xe03, nil]]
0xe04S0x3a0	[0x3a8, [0xe04, nil]]
0x1a5cS0x3a0	[0x3a8, [0x1a5c, nil]]
0x1a61S0x3a0	[0x3a8, [0x1a61, nil]]
0x1a63S0x3a0	[0x3a8, [0x1a63, nil]]
0x1a64S0x3a0	[0x3a8, [0x1a64, nil]]
0x1a66S0x3a0	[0x3a8, [0x1a66, nil]]
0x1a68S0x3a0	[0x3a8, [0x1a68, nil]]
0x1a6bS0x3a0	[0x3a8, [0x1a6b, nil]]
0x1a6dS0x3a0	[0x3a8, [0x1a6d, nil]]
0xde9S0x426	[0x43a, [0xde9, nil]]
0xdebS0x426	[0x43a, [0xdeb, nil]]
0xdedS0x426	[0x43a, [0xded, nil]]
0xdefS0x426	[0x43a, [0xdef, nil]]
0xdf1S0x426	[0x43a, [0xdf1, nil]]
0xdf3S0x426	[0x43a, [0xdf3, nil]]
0xdf4S0x426	[0x43a, [0xdf4, nil]]
0xdf6S0x426	[0x43a, [0xdf6, nil]]
0xdf8S0x426	[0x43a, [0xdf8, nil]]
0xdf9S0x426	[0x43a, [0xdf9, nil]]
0x1a39S0x426	[0x43a, [0x1a39, nil]]
0xde9S0x45f	[0x46a, [0xde9, nil]]
0xdebS0x45f	[0x46a, [0xdeb, nil]]
0xdedS0x45f	[0x46a, [0xded, nil]]
0xdefS0x45f	[0x46a, [0xdef, nil]]
0xdf1S0x45f	[0x46a, [0xdf1, nil]]
0xdf3S0x45f	[0x46a, [0xdf3, nil]]
0xdf4S0x45f	[0x46a, [0xdf4, nil]]
0xdf6S0x45f	[0x46a, [0xdf6, nil]]
0xdf8S0x45f	[0x46a, [0xdf8, nil]]
0xdf9S0x45f	[0x46a, [0xdf9, nil]]
0x1a39S0x45f	[0x46a, [0x1a39, nil]]
0xde9S0x518	[0x52c, [0xde9, nil]]
0xdebS0x518	[0x52c, [0xdeb, nil]]
0xdedS0x518	[0x52c, [0xded, nil]]
0xdefS0x518	[0x52c, [0xdef, nil]]
0xdf1S0x518	[0x52c, [0xdf1, nil]]
0xdf3S0x518	[0x52c, [0xdf3, nil]]
0xdf4S0x518	[0x52c, [0xdf4, nil]]
0xdf6S0x518	[0x52c, [0xdf6, nil]]
0xdf8S0x518	[0x52c, [0xdf8, nil]]
0xdf9S0x518	[0x52c, [0xdf9, nil]]
0x1a39S0x518	[0x52c, [0x1a39, nil]]
0xdd3S0xd46	[0xd4c, [0xdd3, nil]]
0xdd5S0xd46	[0xd4c, [0xdd5, nil]]
0xdd7S0xd46	[0xd4c, [0xdd7, nil]]
0xdd9S0xd46	[0xd4c, [0xdd9, nil]]
0xddbS0xd46	[0xd4c, [0xddb, nil]]
0xdddS0xd46	[0xd4c, [0xddd, nil]]
0xddeS0xd46	[0xd4c, [0xdde, nil]]
0xde0S0xd46	[0xd4c, [0xde0, nil]]
0xde2S0xd46	[0xd4c, [0xde2, nil]]
0xde3S0xd46	[0xd4c, [0xde3, nil]]
0x1a16S0xd46	[0xd4c, [0x1a16, nil]]
0xdd3S0x199	[0x1a0, [0xdd3, nil]]
0xdd5S0x199	[0x1a0, [0xdd5, nil]]
0xdd7S0x199	[0x1a0, [0xdd7, nil]]
0xdd9S0x199	[0x1a0, [0xdd9, nil]]
0xddbS0x199	[0x1a0, [0xddb, nil]]
0xdddS0x199	[0x1a0, [0xddd, nil]]
0xddeS0x199	[0x1a0, [0xdde, nil]]
0xde0S0x199	[0x1a0, [0xde0, nil]]
0xde2S0x199	[0x1a0, [0xde2, nil]]
0xde3S0x199	[0x1a0, [0xde3, nil]]
0x1a16S0x199	[0x1a0, [0x1a16, nil]]
0xe08S0x103d	[0x1061, [0xe08, nil]]
0xe0aS0x103d	[0x1061, [0xe0a, nil]]
0xe0cS0x103d	[0x1061, [0xe0c, nil]]
0xe0eS0x103d	[0x1061, [0xe0e, nil]]
0xe0fS0x103d	[0x1061, [0xe0f, nil]]
0xe11S0x103d	[0x1061, [0xe11, nil]]
0xe12S0x103d	[0x1061, [0xe12, nil]]
0xe14S0x103d	[0x1061, [0xe14, nil]]
0xe00S0x103d	[0x1061, [0xe00, nil]]
0xe02S0x103d	[0x1061, [0xe02, nil]]
0xe03S0x103d	[0x1061, [0xe03, nil]]
0xe04S0x103d	[0x1061, [0xe04, nil]]
0x1a5cS0x103d	[0x1061, [0x1a5c, nil]]
0x1a61S0x103d	[0x1061, [0x1a61, nil]]
0x1a63S0x103d	[0x1061, [0x1a63, nil]]
0x1a64S0x103d	[0x1061, [0x1a64, nil]]
0x1a66S0x103d	[0x1061, [0x1a66, nil]]
0x1a68S0x103d	[0x1061, [0x1a68, nil]]
0x1a6bS0x103d	[0x1061, [0x1a6b, nil]]
0x1a6dS0x103d	[0x1061, [0x1a6d, nil]]
0xe86S0xf83	[0xf96, [0xe86, nil]]
0x1af5S0xf83	[0xf96, [0x1af5, nil]]
0x1afaS0xf83	[0xf96, [0x1afa, nil]]
0x1afcS0xf83	[0xf96, [0x1afc, nil]]
0x1afdS0xf83	[0xf96, [0x1afd, nil]]
0x1affS0xf83	[0xf96, [0x1aff, nil]]
0x1b01S0xf83	[0xf96, [0x1b01, nil]]
0x1b04S0xf83	[0xf96, [0x1b04, nil]]
0x1b06S0xf83	[0xf96, [0x1b06, nil]]
0xe6aS0xf83	[0xf96, [0xe6a, nil]]
0xe6dS0xf83	[0xf96, [0xe6d, nil]]
0xe6fS0xf83	[0xf96, [0xe6f, nil]]
0xe70S0xf83	[0xf96, [0xe70, nil]]
0xe72S0xf83	[0xf96, [0xe72, nil]]
0xe75S0xf83	[0xf96, [0xe75, nil]]
0xe76S0xf83	[0xf96, [0xe76, nil]]
0xe80S0xf83	[0xf96, [0xe80, nil]]
0xe81S0xf83	[0xf96, [0xe81, nil]]
0xe82S0xf83	[0xf96, [0xe82, nil]]
0x10e2S0xd4d	[0xd8c, [0x10e2, nil]]
0x10e4S0xd4d	[0xd8c, [0x10e4, nil]]
0x10e5S0xd4d	[0xd8c, [0x10e5, nil]]
0x10eaS0xd4d	[0xd8c, [0x10ea, nil]]
0x10ecS0xd4d	[0xd8c, [0x10ec, nil]]
0x10edS0xd4d	[0xd8c, [0x10ed, nil]]
0x10f1S0xd4d	[0xd8c, [0x10f1, nil]]
0x10f3S0xd4d	[0xd8c, [0x10f3, nil]]
0x10f5S0xd4d	[0xd8c, [0x10f5, nil]]
0x10f7S0xd4d	[0xd8c, [0x10f7, nil]]
0x10f8S0xd4d	[0xd8c, [0x10f8, nil]]
0x10fbS0xd4d	[0xd8c, [0x10fb, nil]]
0x10fcS0xd4d	[0xd8c, [0x10fc, nil]]
0x1102S0xd4d	[0xd8c, [0x1102, nil]]
0x1103S0xd4d	[0xd8c, [0x1103, nil]]
0x1106S0xd4d	[0xd8c, [0x1106, nil]]
0x110cS0xd4d	[0xd8c, [0x110c, nil]]
0x110fS0xd4d	[0xd8c, [0x110f, nil]]
0x1114S0xd4d	[0xd8c, [0x1114, nil]]
0x1115S0xd4d	[0xd8c, [0x1115, nil]]
0x1117S0xd4d	[0xd8c, [0x1117, nil]]
0x1119S0xd4d	[0xd8c, [0x1119, nil]]
0x111aS0xd4d	[0xd8c, [0x111a, nil]]
0x111bS0xd4d	[0xd8c, [0x111b, nil]]
0x111dS0xd4d	[0xd8c, [0x111d, nil]]
0x111eS0xd4d	[0xd8c, [0x111e, nil]]
0x111fS0xd4d	[0xd8c, [0x111f, nil]]
0x1154S0xd4d	[0xd8c, [0x1154, nil]]
0x1157S0xd4d	[0xd8c, [0x1157, nil]]
0x1158S0xd4d	[0xd8c, [0x1158, nil]]
0x1159S0xd4d	[0xd8c, [0x1159, nil]]
0x1caaS0xd4d	[0xd8c, [0x1caa, nil]]
0x1cafS0xd4d	[0xd8c, [0x1caf, nil]]
0x1cb1S0xd4d	[0xd8c, [0x1cb1, nil]]
0x1cb2S0xd4d	[0xd8c, [0x1cb2, nil]]
0x1cb6S0xd4d	[0xd8c, [0x1cb6, nil]]
0x1cb8S0xd4d	[0xd8c, [0x1cb8, nil]]
0x1cbaS0xd4d	[0xd8c, [0x1cba, nil]]
0x1cbcS0xd4d	[0xd8c, [0x1cbc, nil]]
0x1cbdS0xd4d	[0xd8c, [0x1cbd, nil]]
0x1cc1S0xd4d	[0xd8c, [0x1cc1, nil]]
0x1cc2S0xd4d	[0xd8c, [0x1cc2, nil]]
0x1cc5S0xd4d	[0xd8c, [0x1cc5, nil]]
0x1ceaS0xd4d	[0xd8c, [0x1cea, nil]]
0x1cebS0xd4d	[0xd8c, [0x1ceb, nil]]
0x1ceeS0xd4d	[0xd8c, [0x1cee, nil]]
0x1124S0xd4d	[0xd8c, [0x1124, nil]]
0x1127S0xd4d	[0xd8c, [0x1127, nil]]
0x1128S0xd4d	[0xd8c, [0x1128, nil]]
0x112bS0xd4d	[0xd8c, [0x112b, nil]]
0x112cS0xd4d	[0xd8c, [0x112c, nil]]
0x115eS0xd4d	[0xd8c, [0x115e, nil]]
0x115fS0xd4d	[0xd8c, [0x115f, nil]]
0x1160S0xd4d	[0xd8c, [0x1160, nil]]
0x1161S0xd4d	[0xd8c, [0x1161, nil]]
0x1162S0xd4d	[0xd8c, [0x1162, nil]]
0x1163S0xd4d	[0xd8c, [0x1163, nil]]
0x1164S0xd4d	[0xd8c, [0x1164, nil]]
0x1166S0xd4d	[0xd8c, [0x1166, nil]]
0xe2fS0xd8d	[0xdac, [0xe2f, nil]]
0xe32S0xd8d	[0xdac, [0xe32, nil]]
0xe33S0xd8d	[0xdac, [0xe33, nil]]
0x1a8fS0xd8d	[0xdac, [0x1a8f, nil]]
0x1a94S0xd8d	[0xdac, [0x1a94, nil]]
0x1a96S0xd8d	[0xdac, [0x1a96, nil]]
0x1a97S0xd8d	[0xdac, [0x1a97, nil]]
0x1a99S0xd8d	[0xdac, [0x1a99, nil]]
0x1a9bS0xd8d	[0xdac, [0x1a9b, nil]]
0x1a9eS0xd8d	[0xdac, [0x1a9e, nil]]
0x1aa0S0xd8d	[0xdac, [0x1aa0, nil]]
0xe86S0x1016	[0x1029, [0xe86, nil]]
0x1af5S0x1016	[0x1029, [0x1af5, nil]]
0x1afaS0x1016	[0x1029, [0x1afa, nil]]
0x1afcS0x1016	[0x1029, [0x1afc, nil]]
0x1afdS0x1016	[0x1029, [0x1afd, nil]]
0x1affS0x1016	[0x1029, [0x1aff, nil]]
0x1b01S0x1016	[0x1029, [0x1b01, nil]]
0x1b04S0x1016	[0x1029, [0x1b04, nil]]
0x1b06S0x1016	[0x1029, [0x1b06, nil]]
0xe6aS0x1016	[0x1029, [0xe6a, nil]]
0xe6dS0x1016	[0x1029, [0xe6d, nil]]
0xe6fS0x1016	[0x1029, [0xe6f, nil]]
0xe70S0x1016	[0x1029, [0xe70, nil]]
0xe72S0x1016	[0x1029, [0xe72, nil]]
0xe75S0x1016	[0x1029, [0xe75, nil]]
0xe76S0x1016	[0x1029, [0xe76, nil]]
0xe80S0x1016	[0x1029, [0xe80, nil]]
0xe81S0x1016	[0x1029, [0xe81, nil]]
0xe82S0x1016	[0x1029, [0xe82, nil]]
0x1c77S0x1062	[0x106a, [0x1c77, nil]]
0x1c7cS0x1062	[0x106a, [0x1c7c, nil]]
0x1c7eS0x1062	[0x106a, [0x1c7e, nil]]
0x1c7fS0x1062	[0x106a, [0x1c7f, nil]]
0x1c81S0x1062	[0x106a, [0x1c81, nil]]
0x1c83S0x1062	[0x106a, [0x1c83, nil]]
0x1c86S0x1062	[0x106a, [0x1c86, nil]]
0x1c88S0x1062	[0x106a, [0x1c88, nil]]
0x1034S0x1062	[0x106a, [0x1034, nil]]
0x1037S0x1062	[0x106a, [0x1037, nil]]
0x1038S0x1062	[0x106a, [0x1038, nil]]
0xf6aS0xfce	[0xff6, [0xf6a, nil]]
0xf6dS0xfce	[0xff6, [0xf6d, nil]]
0xf75S0xfce	[0xff6, [0xf75, nil]]
0xf78S0xfce	[0xff6, [0xf78, nil]]
0xf7aS0xfce	[0xff6, [0xf7a, nil]]
0xf7cS0xfce	[0xff6, [0xf7c, nil]]
0xf4cS0xf69S0xfce	[0xff6, [0xf7f, [0xf4c, nil]]]
0xf4dS0xf69S0xfce	[0xff6, [0xf7f, [0xf4d, nil]]]
0xf4fS0xf69S0xfce	[0xff6, [0xf7f, [0xf4f, nil]]]
0xf51S0xf69S0xfce	[0xff6, [0xf7f, [0xf51, nil]]]
0xf53S0xf69S0xfce	[0xff6, [0xf7f, [0xf53, nil]]]
0xf54S0xf69S0xfce	[0xff6, [0xf7f, [0xf54, nil]]]
0xf55S0xf69S0xfce	[0xff6, [0xf7f, [0xf55, nil]]]
0xf58S0xf69S0xfce	[0xff6, [0xf7f, [0xf58, nil]]]
0xf5cS0xf69S0xfce	[0xff6, [0xf7f, [0xf5c, nil]]]
0xf60S0xf69S0xfce	[0xff6, [0xf7f, [0xf60, nil]]]
0xf62S0xf69S0xfce	[0xff6, [0xf7f, [0xf62, nil]]]
0xf64S0xf69S0xfce	[0xff6, [0xf7f, [0xf64, nil]]]
0xf65S0xf69S0xfce	[0xff6, [0xf7f, [0xf65, nil]]]
0xf40S0xf69S0xfce	[0xff6, [0xf7f, [0xf40, nil]]]
0xf41S0xf69S0xfce	[0xff6, [0xf7f, [0xf41, nil]]]
0xf2fS0xf69S0xfce	[0xff6, [0xf7f, [0xf2f, nil]]]
0xf33S0xf69S0xfce	[0xff6, [0xf7f, [0xf33, nil]]]
0xf38S0xf69S0xfce	[0xff6, [0xf7f, [0xf38, nil]]]
0xf3aS0xf69S0xfce	[0xff6, [0xf7f, [0xf3a, nil]]]
0xf3cS0xf69S0xfce	[0xff6, [0xf7f, [0xf3c, nil]]]
0xec4S0x1d9e	[0x1da5, [0xec4, nil]]
0xec7S0x1d9e	[0x1da5, [0xec7, nil]]
0xecaS0x1d9e	[0x1da5, [0xeca, nil]]
0xecbS0x1d9e	[0x1da5, [0xecb, nil]]
0xeccS0x1d9e	[0x1da5, [0xecc, nil]]
0xecdS0x1d9e	[0x1da5, [0xecd, nil]]
0xf0cS0x1d9e	[0x1da5, [0xf0c, nil]]
0xf0eS0x1d9e	[0x1da5, [0xf0e, nil]]
0x1b8eS0x1d9e	[0x1da5, [0x1b8e, nil]]
0x1bb1S0x1d9e	[0x1da5, [0x1bb1, nil]]
0x1bd4S0x1d9e	[0x1da5, [0x1bd4, nil]]
0x1bf7S0x1d9e	[0x1da5, [0x1bf7, nil]]
0x1bfcS0x1d9e	[0x1da5, [0x1bfc, nil]]
0x1bfeS0x1d9e	[0x1da5, [0x1bfe, nil]]
0x1bffS0x1d9e	[0x1da5, [0x1bff, nil]]
0x1c01S0x1d9e	[0x1da5, [0x1c01, nil]]
0x1c03S0x1d9e	[0x1da5, [0x1c03, nil]]
0x1c06S0x1d9e	[0x1da5, [0x1c06, nil]]
0x1c08S0x1d9e	[0x1da5, [0x1c08, nil]]
0xefcS0x1d9e	[0x1da5, [0xefc, nil]]
0xf00S0x1d9e	[0x1da5, [0xf00, nil]]
0xf03S0x1d9e	[0x1da5, [0xf03, nil]]
0xf04S0x1d9e	[0x1da5, [0xf04, nil]]
0xf07S0x1d9e	[0x1da5, [0xf07, nil]]
0xf08S0x1d9e	[0x1da5, [0xf08, nil]]
0x1c2aS0x1d9e	[0x1da5, [0x1c2a, nil]]
0xf1fS0x1d9e	[0x1da5, [0xf1f, nil]]
0xf22S0x1d9e	[0x1da5, [0xf22, nil]]
0xf26S0x1d9e	[0x1da5, [0xf26, nil]]
0xf28S0x1d9e	[0x1da5, [0xf28, nil]]
0xf29S0x1d9e	[0x1da5, [0xf29, nil]]
0xf13S0x1d9e	[0x1da5, [0xf13, nil]]
0xf14S0x1d9e	[0x1da5, [0xf14, nil]]
0xea8S0x1d9e	[0x1da5, [0xea8, nil]]
0xeacS0x1d9e	[0x1da5, [0xeac, nil]]
0xeadS0x1d9e	[0x1da5, [0xead, nil]]
0xeaeS0x1d9e	[0x1da5, [0xeae, nil]]
0xeb3S0x1d9e	[0x1da5, [0xeb3, nil]]
0xeb5S0x1d9e	[0x1da5, [0xeb5, nil]]
0xebfS0x1d9e	[0x1da5, [0xebf, nil]]
0xec0S0x1d9e	[0x1da5, [0xec0, nil]]
0xed2S0x1d9e	[0x1da5, [0xed2, nil]]
0xed4S0x1d9e	[0x1da5, [0xed4, nil]]
0xedeS0x1d9e	[0x1da5, [0xede, nil]]
0xedfS0x1d9e	[0x1da5, [0xedf, nil]]
0xee4S0x1d9e	[0x1da5, [0xee4, nil]]
0xee6S0x1d9e	[0x1da5, [0xee6, nil]]
0xee8S0x1d9e	[0x1da5, [0xee8, nil]]
0xeebS0x1d9e	[0x1da5, [0xeeb, nil]]
0xeedS0x1d9e	[0x1da5, [0xeed, nil]]
0xef0S0x1d9e	[0x1da5, [0xef0, nil]]
0xef2S0x1d9e	[0x1da5, [0xef2, nil]]
0xef5S0x1d9e	[0x1da5, [0xef5, nil]]
0xe86S0xee3S0x1d9e	[0x1da5, [0xef8, [0xe86, nil]]]
0x1af5S0xee3S0x1d9e	[0x1da5, [0xef8, [0x1af5, nil]]]
0x1afaS0xee3S0x1d9e	[0x1da5, [0xef8, [0x1afa, nil]]]
0x1afcS0xee3S0x1d9e	[0x1da5, [0xef8, [0x1afc, nil]]]
0x1afdS0xee3S0x1d9e	[0x1da5, [0xef8, [0x1afd, nil]]]
0x1affS0xee3S0x1d9e	[0x1da5, [0xef8, [0x1aff, nil]]]
0x1b01S0xee3S0x1d9e	[0x1da5, [0xef8, [0x1b01, nil]]]
0x1b04S0xee3S0x1d9e	[0x1da5, [0xef8, [0x1b04, nil]]]
0x1b06S0xee3S0x1d9e	[0x1da5, [0xef8, [0x1b06, nil]]]
0xe6aS0xee3S0x1d9e	[0x1da5, [0xef8, [0xe6a, nil]]]
0xe6dS0xee3S0x1d9e	[0x1da5, [0xef8, [0xe6d, nil]]]
0xe6fS0xee3S0x1d9e	[0x1da5, [0xef8, [0xe6f, nil]]]
0xe70S0xee3S0x1d9e	[0x1da5, [0xef8, [0xe70, nil]]]
0xe72S0xee3S0x1d9e	[0x1da5, [0xef8, [0xe72, nil]]]
0xe75S0xee3S0x1d9e	[0x1da5, [0xef8, [0xe75, nil]]]
0xe76S0xee3S0x1d9e	[0x1da5, [0xef8, [0xe76, nil]]]
0xe80S0xee3S0x1d9e	[0x1da5, [0xef8, [0xe80, nil]]]
0xe81S0xee3S0x1d9e	[0x1da5, [0xef8, [0xe81, nil]]]
0xe82S0xee3S0x1d9e	[0x1da5, [0xef8, [0xe82, nil]]]
0x1da5	[0x1da5, nil]
0xff6	[0xff6, nil]
0x1a0	[0x1a0, nil]
0xd4c	[0xd4c, nil]
0x11c	[0x11c, nil]
0x198	[0x198, nil]
0x37c	[0x37c, nil]
0x43a	[0x43a, nil]
0x46a	[0x46a, nil]
0x52c	[0x52c, nil]
0x3a8	[0x3a8, nil]
0x1061	[0x1061, nil]
0xdac	[0xdac, nil]
0x106a	[0x106a, nil]
0x124	[0x124, nil]
0x228	[0x228, nil]
0x334	[0x334, nil]
0x34c	[0x34c, nil]
0x356	[0x356, nil]
0x35e	[0x35e, nil]
0x3d5	[0x3d5, nil]
0x473	[0x473, nil]
0x4b4	[0x4b4, nil]
0x559	[0x559, nil]
0xb0b	[0xb0b, nil]
0xd0a	[0xd0a, nil]
0xd2b	[0xd2b, nil]
0xdcc	[0xdcc, nil]
0xe96	[0xe96, nil]
0xea6	[0xea6, nil]
0xfb7	[0xfb7, nil]
0xfcd	[0xfcd, nil]
0x1011	[0x1011, nil]
0x1015	[0x1015, nil]
0x102f	[0x102f, nil]
0x106f	[0x106f, nil]
0x1248	[0x1248, nil]
0x11890x100	[0x1189, nil]
0x11890x49c	[0x1189, nil]
0x11890xd13	[0x1189, nil]
0x11c50x53d	[0x11c5, nil]
0x11c50xaf0	[0x11c5, nil]
0xdd1	[0xdd1, nil]
0xd	[0xd, nil]
0xda	[0xda, nil]
0xe5	[0xe5, nil]
0x106	[0x106, nil]
0x112	[0x112, nil]
0x133	[0x133, nil]
0x13e	[0x13e, nil]
0x15c	[0x15c, nil]
0x167	[0x167, nil]
0x185	[0x185, nil]
0x191	[0x191, nil]
0x1b8	[0x1b8, nil]
0x1e4	[0x1e4, nil]
0x1ee	[0x1ee, nil]
0x1f6	[0x1f6, nil]
0x1fc	[0x1fc, nil]
0x21f	[0x21f, nil]
0x369	[0x369, nil]
0x375	[0x375, nil]
0x39f	[0x39f, nil]
0x3e4	[0x3e4, nil]
0x3ef	[0x3ef, nil]
0x419	[0x419, nil]
0x425	[0x425, nil]
0x452	[0x452, nil]
0x45e	[0x45e, nil]
0x484	[0x484, nil]
0x48f	[0x48f, nil]
0x4a2	[0x4a2, nil]
0x4ad	[0x4ad, nil]
0x50b	[0x50b, nil]
0x517	[0x517, nil]
0x543	[0x543, nil]
0x54f	[0x54f, nil]
0xaf5	[0xaf5, nil]
0xb01	[0xb01, nil]
0xcf2	[0xcf2, nil]
0xcfe	[0xcfe, nil]
0xd18	[0xd18, nil]
0xd24	[0xd24, nil]
0xd39	[0xd39, nil]
0xd45	[0xd45, nil]
0xe91	[0xe91, nil]
0xea1	[0xea1, nil]
0x1001	[0x1001, nil]
0x100b	[0x100b, nil]
0x1247	[0x1247, nil]
0x1da7	[0x1e2a, nil]
0x1da7	[0x23, nil]
0x1da9	[0x1e27, nil]
0x1da9	[0x2e, nil]
0x1dab	[0x1e24, nil]
0x1dab	[0x39, nil]
0x1dad	[0x44, nil]
0x1dad	[0x1e1c, nil]
0x1daf	[0x1e14, nil]
0x1daf	[0x4f, nil]
0x1db1	[0x1e11, nil]
0x1db1	[0x5a, nil]
0x1db3	[0x1e09, nil]
0x1db3	[0x65, nil]
0x1db5	[0x1e06, nil]
0x1db5	[0x70, nil]
0x1db7	[0x1e03, nil]
0x1db7	[0x7b, nil]
0x1db9	[0x1e00, nil]
0x1db9	[0x86, nil]
0x1dbb	[0x1df8, nil]
0x1dbb	[0x91, nil]
0x1dbd	[0x1df5, nil]
0x1dbd	[0x9c, nil]
0x1dbf	[0x1dd4, nil]
0x1dbf	[0xa7, nil]
0x1dc1	[0x1dd1, nil]
0x1dc1	[0xb2, nil]
0x1dc3	[0x1dce, nil]
0x1dc3	[0xbd, nil]
0x1dc5	[0xc8, nil]
0x1dc5	[0x1dcb, nil]
0x1dc7	[0xd2, nil]
0x1dc7	[0x1dc8, nil]
0x11880x100	[0x1188, nil]
0x11880x49c	[0x1188, nil]
0x11880xd13	[0x1188, nil]
0x11b30x53d	[0x11b3, nil]
0x11b30xaf0	[0x11b3, nil]
0xfc	[0xfc, nil]
0x155	[0x155, nil]
0x17e	[0x17e, nil]
0x3d9	[0x3d9, nil]
0x412	[0x412, nil]
0x44b	[0x44b, nil]
0x47d	[0x47d, nil]
0x49b	[0x49b, nil]
0x53c	[0x53c, nil]
0xd12	[0xd12, nil]
0x10	[0x10, nil]
0xd4	[0xd4, nil]
0x343	[0x343, nil]
0x362	[0x362, nil]
0x3dd	[0x3dd, nil]
0x1257	[0x1257, nil]
0x1308	[0x1308, nil]
0x132a	[0x132a, nil]
0x134c	[0x134c, nil]
0x136e	[0x136e, nil]
0x1390	[0x1390, nil]
0x13b2	[0x13b2, nil]
0x13d4	[0x13d4, nil]
0x13f6	[0x13f6, nil]
0x1418	[0x1418, nil]
0x143a	[0x143a, nil]
0x145c	[0x145c, nil]
0x147e	[0x147e, nil]
0x14a0	[0x14a0, nil]
0x14c2	[0x14c2, nil]
0x14e4	[0x14e4, nil]
0x1506	[0x1506, nil]
0x1528	[0x1528, nil]
0x154a	[0x154a, nil]
0x156c	[0x156c, nil]
0x158e	[0x158e, nil]
0x15b0	[0x15b0, nil]
0x15d2	[0x15d2, nil]
0x15f4	[0x15f4, nil]
0x1616	[0x1616, nil]
0x1639	[0x1639, nil]
0x165c	[0x165c, nil]
0x1869	[0x1869, nil]
0x188c	[0x188c, nil]
0x1946	[0x1946, nil]
0x1969	[0x1969, nil]
0x198c	[0x198c, nil]
0x19af	[0x19af, nil]
0x19d2	[0x19d2, nil]
0x19f5	[0x19f5, nil]
0x1b3a	[0x1b3a, nil]
0x1b6d	[0x1b6d, nil]
0x1c56	[0x1c56, nil]
0x119c0x100	[0x119c, nil]
0x119c0x49c	[0x119c, nil]
0x119c0xd13	[0x119c, nil]
0x11d40x53d	[0x11d4, nil]
0x11d40xaf0	[0x11d4, nil]
0xfa3	[0xfa3, nil]
0xf8	[0xf8, nil]
0x151	[0x151, nil]
0x17a	[0x17a, nil]
0x1c6	[0x1c6, nil]
0x219	[0x219, nil]
0x32e	[0x32e, nil]
0x33f	[0x33f, nil]
0x388	[0x388, nil]
0x38d	[0x38d, nil]
0x3cd	[0x3cd, nil]
0x3d2	[0x3d2, nil]
0x3d4	[0x3d4, nil]
0x3fd	[0x3fd, nil]
0x40e	[0x40e, nil]
0x43e	[0x43e, nil]
0x442	[0x442, nil]
0x44a	[0x44a, nil]
0x47c	[0x47c, nil]
0x49a	[0x49a, nil]
0x530	[0x530, nil]
0x533	[0x533, nil]
0x53b	[0x53b, nil]
0xd11	[0xd11, nil]
0xd99	[0xd99, nil]
0xd9e	[0xd9e, nil]
0xdb6	[0xdb6, nil]
0xdbe	[0xdbe, nil]
0xdc3	[0xdc3, nil]
0xf9b	[0xf9b, nil]
0xfb9	[0xfb9, nil]
0xfcf	[0xfcf, nil]
0xfee	[0xfee, nil]
0x1055	[0x1055, nil]
0x1059	[0x1059, nil]
0x123d	[0x123d, nil]
0x1253	[0x1253, nil]
0x1b31	[0x1b31, nil]
0x1b36	[0x1b36, nil]
0x1b64	[0x1b64, nil]
0x1b69	[0x1b69, nil]
0x11780x100	[0x1178, nil]
0x11780x49c	[0x1178, nil]
0x11780xd13	[0x1178, nil]
0x11940x100	[0x1194, nil]
0x11980x100	[0x1198, nil]
0x11940x49c	[0x1194, nil]
0x11980x49c	[0x1198, nil]
0x11940xd13	[0x1194, nil]
0x11980xd13	[0x1198, nil]
0x11ad0x53d	[0x11ad, nil]
0x11ad0xaf0	[0x11ad, nil]
0x11c30x53d	[0x11c3, nil]
0x11c30xaf0	[0x11c3, nil]
0x11d00x53d	[0x11d0, nil]
0x11d00xaf0	[0x11d0, nil]
0x21a	[0x21a, nil]
0x32f	[0x32f, nil]
0xdaf	[0xdaf, nil]
0x11c40x53d	[0x11c4, nil]
0x11c40xaf0	[0x11c4, nil]
0xdd0	[0xdd0, nil]
0x1020	[0x1020, nil]
0x1c53	[0x1c53, nil]
0xd8c	[0xd8c, nil]
0xf96	[0xf96, nil]
0x1029	[0x1029, nil]
0xdfdS0x113	[0x11c, [0xdfd, nil]]
0xdfcS0x113	[0x11c, [0xdfc, nil]]
0x1a3bS0x113	[0x11c, [0x1a3b, nil]]
0xdfdS0x192	[0x198, [0xdfd, nil]]
0xdfcS0x192	[0x198, [0xdfc, nil]]
0x1a3bS0x192	[0x198, [0x1a3b, nil]]
0xdfdS0x376	[0x37c, [0xdfd, nil]]
0xdfcS0x376	[0x37c, [0xdfc, nil]]
0x1a3bS0x376	[0x37c, [0x1a3b, nil]]
0xe09S0x3a0	[0x3a8, [0xe09, nil]]
0xe16S0x3a0	[0x3a8, [0xe16, nil]]
0xe07S0x3a0	[0x3a8, [0xe07, nil]]
0x1a6eS0x3a0	[0x3a8, [0x1a6e, nil]]
0x1a65S0x3a0	[0x3a8, [0x1a65, nil]]
0x1a6aS0x3a0	[0x3a8, [0x1a6a, nil]]
0xdfdS0x426	[0x43a, [0xdfd, nil]]
0xdfcS0x426	[0x43a, [0xdfc, nil]]
0x1a3bS0x426	[0x43a, [0x1a3b, nil]]
0xdfdS0x45f	[0x46a, [0xdfd, nil]]
0xdfcS0x45f	[0x46a, [0xdfc, nil]]
0x1a3bS0x45f	[0x46a, [0x1a3b, nil]]
0xdfdS0x518	[0x52c, [0xdfd, nil]]
0xdfcS0x518	[0x52c, [0xdfc, nil]]
0x1a3bS0x518	[0x52c, [0x1a3b, nil]]
0xde7S0xd46	[0xd4c, [0xde7, nil]]
0xde6S0xd46	[0xd4c, [0xde6, nil]]
0x1a18S0xd46	[0xd4c, [0x1a18, nil]]
0xde7S0x199	[0x1a0, [0xde7, nil]]
0xde6S0x199	[0x1a0, [0xde6, nil]]
0x1a18S0x199	[0x1a0, [0x1a18, nil]]
0xe09S0x103d	[0x1061, [0xe09, nil]]
0xe16S0x103d	[0x1061, [0xe16, nil]]
0xe07S0x103d	[0x1061, [0xe07, nil]]
0x1a6eS0x103d	[0x1061, [0x1a6e, nil]]
0x1a65S0x103d	[0x1061, [0x1a65, nil]]
0x1a6aS0x103d	[0x1061, [0x1a6a, nil]]
0xe88S0xf83	[0xf96, [0xe88, nil]]
0xe89S0xf83	[0xf96, [0xe89, nil]]
0x1b07S0xf83	[0xf96, [0x1b07, nil]]
0x1afeS0xf83	[0xf96, [0x1afe, nil]]
0x1b03S0xf83	[0xf96, [0x1b03, nil]]
0xe85S0xf83	[0xf96, [0xe85, nil]]
0x1122S0xd4d	[0xd8c, [0x1122, nil]]
0x10f0S0xd4d	[0xd8c, [0x10f0, nil]]
0x10feS0xd4d	[0xd8c, [0x10fe, nil]]
0x1105S0xd4d	[0xd8c, [0x1105, nil]]
0x110bS0xd4d	[0xd8c, [0x110b, nil]]
0x115cS0xd4d	[0xd8c, [0x115c, nil]]
0x1cc8S0xd4d	[0xd8c, [0x1cc8, nil]]
0x1cb5S0xd4d	[0xd8c, [0x1cb5, nil]]
0x1cc4S0xd4d	[0xd8c, [0x1cc4, nil]]
0x1cf0S0xd4d	[0xd8c, [0x1cf0, nil]]
0x1cedS0xd4d	[0xd8c, [0x1ced, nil]]
0x112fS0xd4d	[0xd8c, [0x112f, nil]]
0x1126S0xd4d	[0xd8c, [0x1126, nil]]
0x112aS0xd4d	[0xd8c, [0x112a, nil]]
0x1131S0xd4d	[0xd8c, [0x1131, nil]]
0x1169S0xd4d	[0xd8c, [0x1169, nil]]
0xe37S0xd8d	[0xdac, [0xe37, nil]]
0xe36S0xd8d	[0xdac, [0xe36, nil]]
0x1aa1S0xd8d	[0xdac, [0x1aa1, nil]]
0x1a98S0xd8d	[0xdac, [0x1a98, nil]]
0x1a9dS0xd8d	[0xdac, [0x1a9d, nil]]
0xe88S0x1016	[0x1029, [0xe88, nil]]
0xe89S0x1016	[0x1029, [0xe89, nil]]
0x1b07S0x1016	[0x1029, [0x1b07, nil]]
0x1afeS0x1016	[0x1029, [0x1afe, nil]]
0x1b03S0x1016	[0x1029, [0x1b03, nil]]
0xe85S0x1016	[0x1029, [0xe85, nil]]
0x103cS0x1062	[0x106a, [0x103c, nil]]
0x1c89S0x1062	[0x106a, [0x1c89, nil]]
0x1c80S0x1062	[0x106a, [0x1c80, nil]]
0x1c85S0x1062	[0x106a, [0x1c85, nil]]
0x103bS0x1062	[0x106a, [0x103b, nil]]
0xf82S0xfce	[0xff6, [0xf82, nil]]
0xf7fS0xfce	[0xff6, [0xf7f, nil]]
0xf73S0xfce	[0xff6, [0xf73, nil]]
0xf79S0xfce	[0xff6, [0xf79, nil]]
0xf68S0xf69S0xfce	[0xff6, [0xf7f, [0xf68, nil]]]
0xf57S0xf69S0xfce	[0xff6, [0xf7f, [0xf57, nil]]]
0xf44S0xf69S0xfce	[0xff6, [0xf7f, [0xf44, nil]]]
0xf37S0xf69S0xfce	[0xff6, [0xf7f, [0xf37, nil]]]
0xf49S0xf69S0xfce	[0xff6, [0xf7f, [0xf49, nil]]]
0xed0S0x1d9e	[0x1da5, [0xed0, nil]]
0x1b90S0x1d9e	[0x1da5, [0x1b90, nil]]
0x1bb3S0x1d9e	[0x1da5, [0x1bb3, nil]]
0x1bd6S0x1d9e	[0x1da5, [0x1bd6, nil]]
0x1c09S0x1d9e	[0x1da5, [0x1c09, nil]]
0x1c00S0x1d9e	[0x1da5, [0x1c00, nil]]
0x1c05S0x1d9e	[0x1da5, [0x1c05, nil]]
0xf0bS0x1d9e	[0x1da5, [0xf0b, nil]]
0xefbS0x1d9e	[0x1da5, [0xefb, nil]]
0x1c2cS0x1d9e	[0x1da5, [0x1c2c, nil]]
0xf2cS0x1d9e	[0x1da5, [0xf2c, nil]]
0xf21S0x1d9e	[0x1da5, [0xf21, nil]]
0xf17S0x1d9e	[0x1da5, [0xf17, nil]]
0xeb1S0x1d9e	[0x1da5, [0xeb1, nil]]
0xec3S0x1d9e	[0x1da5, [0xec3, nil]]
0xee2S0x1d9e	[0x1da5, [0xee2, nil]]
0xef8S0x1d9e	[0x1da5, [0xef8, nil]]
0xf1cS0x1d9e	[0x1da5, [0xf1c, nil]]
0xe88S0xee3S0x1d9e	[0x1da5, [0xef8, [0xe88, nil]]]
0xe89S0xee3S0x1d9e	[0x1da5, [0xef8, [0xe89, nil]]]
0x1b07S0xee3S0x1d9e	[0x1da5, [0xef8, [0x1b07, nil]]]
0x1afeS0xee3S0x1d9e	[0x1da5, [0xef8, [0x1afe, nil]]]
0x1b03S0xee3S0x1d9e	[0x1da5, [0xef8, [0x1b03, nil]]]
0xe85S0xee3S0x1d9e	[0x1da5, [0xef8, [0xe85, nil]]]
