0x0	CONST
0x3f	EQ
0x60	EQ
0x4	MSTORE
0x2	CONST
0x5	CONST
0x7	CALLDATASIZE
0x8	LT
0x9	ISZERO
0xa	CONST
0xe	CONST
0x12	CONST
0x13	CONST
0x14	CALLDATALOAD
0x15	CONST
0x17	SHR
0x19	CONST
0x1e	EQ
0x24	CONST
0x29	EQ
0x2f	CONST
0x34	EQ
0x3a	CONST
0x45	CONST
0x4a	EQ
0x50	CONST
0x55	EQ
0x5b	CONST
0x66	CONST
0x6b	EQ
0x71	CONST
0x76	EQ
0x7c	CONST
0x81	EQ
0x87	CONST
0x8c	EQ
0x92	CONST
0x97	EQ
0x9d	CONST
0xa2	EQ
0xa8	CONST
0xad	EQ
0xb3	CONST
0xb8	EQ
0xbe	CONST
0xc3	EQ
0xc8	CONST
0xcd	EQ
0xd2	CONST
0xd6	CALLVALUE
0xd7	CONST
0xdc	CONST
0xde	NOT
0xdf	CALLDATASIZE
0xe0	ADD
0xe1	SLT
0xe2	CONST
0xe6	CONST
0xe8	SLOAD
0xe9	CONST
0xeb	MLOAD
0xec	CONST
0xee	CONST
0xf0	CONST
0xf2	SHL
0xf3	SUB
0xf6	AND
0xf9	CONST
0x102	CALLVALUE
0x103	CONST
0x107	CONST
0x109	CALLDATASIZE
0x10a	CONST
0x10c	NOT
0x10d	ADD
0x10e	SLT
0x10f	CONST
0x113	CONST
0x116	CONST
0x119	CONST
0x11e	CONST
0x121	CONST
0x12f	CALLVALUE
0x130	CONST
0x135	CONST
0x137	NOT
0x138	CALLDATASIZE
0x139	ADD
0x13a	SLT
0x13b	CONST
0x13f	CONST
0x141	SLOAD
0x142	CONST
0x144	MLOAD
0x145	CONST
0x147	CONST
0x149	CONST
0x14b	SHL
0x14c	SUB
0x14f	AND
0x152	CONST
0x158	CALLVALUE
0x159	CONST
0x15e	CONST
0x160	NOT
0x161	CALLDATASIZE
0x162	ADD
0x163	SLT
0x164	CONST
0x168	CONST
0x16a	SLOAD
0x16b	CONST
0x16d	MLOAD
0x16e	CONST
0x170	CONST
0x172	CONST
0x174	SHL
0x175	SUB
0x178	AND
0x17b	CONST
0x181	CALLVALUE
0x182	CONST
0x186	CONST
0x188	CALLDATASIZE
0x189	CONST
0x18b	NOT
0x18c	ADD
0x18d	SLT
0x18e	CONST
0x192	CONST
0x195	CONST
0x19a	CONST
0x19d	CONST
0x1a3	CONST
0x1a5	CALLDATALOAD
0x1a6	CONST
0x1a8	CONST
0x1aa	CONST
0x1ac	SHL
0x1ad	SUB
0x1af	AND
0x1b4	SUB
0x1b5	CONST
0x1b9	CONST
0x1ba	MLOAD
0x1bb	CONST
0x1bd	CONST
0x1c0	CONST
0x1c2	CONST
0x1c3	MLOAD
0x1c5	CONST
0x1c7	SLOAD
0x1c9	CONST
0x1cc	CONST
0x1ce	SHR
0x1cf	AND
0x1d0	ISZERO
0x1d2	CONST
0x1dc	AND
0x1de	ISZERO
0x1e1	CONST
0x1e6	CONST
0x1e8	EQ
0x1eb	CONST
0x1f0	ISZERO
0x1f3	CONST
0x1f9	CONST
0x1fd	CONST
0x206	NOT
0x208	AND
0x209	CONST
0x20b	OR
0x20c	CONST
0x20d	MLOAD
0x20e	CONST
0x210	CONST
0x213	CONST
0x215	CONST
0x216	MLOAD
0x218	CONST
0x21c	CONST
0x222	CONST
0x225	CONST
0x30a	CONST
0x314	NOT
0x315	AND
0x316	CONST
0x320	OR
0x321	CONST
0x322	MLOAD
0x323	CONST
0x325	CONST
0x328	CONST
0x32a	CONST
0x32b	MLOAD
0x32d	CONST
0x330	CONST
0x331	CONST
0x336	CONST
0x33b	CONST
0x33d	SHL
0x340	CONST
0x347	ISZERO
0x348	CONST
0x349	CONST
0x34e	ADDRESS
0x34f	EXTCODESIZE
0x350	ISZERO
0x353	CONST
0x35b	CONST
0x365	CALLVALUE
0x366	CONST
0x36a	CONST
0x36c	CALLDATASIZE
0x36d	CONST
0x36f	NOT
0x370	ADD
0x371	SLT
0x372	CONST
0x376	CONST
0x379	CONST
0x37e	CONST
0x380	CONST
0x382	CONST
0x384	SHL
0x385	SUB
0x386	AND
0x389	CONST
0x38e	CONST
0x391	SHA3
0x393	SLOAD
0x394	CONST
0x396	CALLDATALOAD
0x39a	LT
0x39b	ISZERO
0x39c	CONST
0x3a0	CONST
0x3a5	CONST
0x3ac	SLOAD
0x3ad	CONST
0x3b0	CONST
0x3b2	CONST
0x3b5	ADD
0x3b6	SLOAD
0x3b8	ADD
0x3b9	SLOAD
0x3ba	CONST
0x3bc	MLOAD
0x3c1	CONST
0x3c7	CONST
0x3ca	ADD
0x3ce	CONST
0x3d1	ADD
0x3d3	ADD
0x3d7	SUB
0x3e0	CALLVALUE
0x3e1	CONST
0x3e6	CONST
0x3e8	NOT
0x3e9	CALLDATASIZE
0x3ea	ADD
0x3eb	SLT
0x3ec	CONST
0x3f0	CONST
0x3f1	MLOAD
0x3f2	CONST
0x3f4	CONST
0x3f7	CONST
0x3f9	CONST
0x3fa	MLOAD
0x3fc	CONST
0x3fe	SLOAD
0x3ff	CONST
0x401	MLOAD
0x402	CONST
0x404	CONST
0x406	CONST
0x408	SHL
0x409	SUB
0x40c	AND
0x40f	CONST
0x415	CALLVALUE
0x416	CONST
0x41a	CONST
0x41c	CALLDATASIZE
0x41d	CONST
0x41f	NOT
0x420	ADD
0x421	SLT
0x422	CONST
0x426	CONST
0x429	CONST
0x42c	CONST
0x42e	CONST
0x430	CONST
0x432	SHL
0x433	SUB
0x434	CONST
0x437	CONST
0x43c	AND
0x43f	CONST
0x443	SHA3
0x444	SLOAD
0x445	CONST
0x447	MLOAD
0x44e	CALLVALUE
0x44f	CONST
0x453	CONST
0x455	CALLDATASIZE
0x456	CONST
0x458	NOT
0x459	ADD
0x45a	SLT
0x45b	CONST
0x45f	CONST
0x461	CONST
0x464	CONST
0x467	CONST
0x46c	CONST
0x46e	CALLDATALOAD
0x470	CONST
0x475	CONST
0x477	MLOAD
0x479	ISZERO
0x47a	ISZERO
0x480	CALLVALUE
0x481	CONST
0x486	CONST
0x488	NOT
0x489	CALLDATASIZE
0x48a	ADD
0x48b	SLT
0x48c	CONST
0x490	CONST
0x492	CONST
0x494	SLOAD
0x495	CONST
0x497	MLOAD
0x49e	CALLVALUE
0x49f	CONST
0x4a4	CONST
0x4a6	NOT
0x4a7	CALLDATASIZE
0x4a8	ADD
0x4a9	SLT
0x4aa	CONST
0x4ae	CONST
0x4b1	CONST
0x507	CALLVALUE
0x508	CONST
0x50c	CONST
0x50e	CALLDATASIZE
0x50f	CONST
0x511	NOT
0x512	ADD
0x513	SLT
0x514	CONST
0x518	CONST
0x51b	CONST
0x51e	CONST
0x520	CONST
0x522	CONST
0x524	SHL
0x525	SUB
0x526	CONST
0x529	CONST
0x52e	AND
0x534	SHA3
0x535	SLOAD
0x536	CONST
0x538	MLOAD
0x53f	CALLVALUE
0x540	CONST
0x544	CONST
0x546	CALLDATASIZE
0x547	CONST
0x549	NOT
0x54a	ADD
0x54b	SLT
0x54c	CONST
0x550	CONST
0x552	CALLDATALOAD
0x553	CONST
0x556	CONST
0xaf1	CALLVALUE
0xaf2	CONST
0xaf6	CONST
0xaf8	CALLDATASIZE
0xaf9	CONST
0xafb	NOT
0xafc	ADD
0xafd	SLT
0xafe	CONST
0xb02	CONST
0xb04	CALLDATALOAD
0xb05	CONST
0xb08	CONST
0xcee	CALLVALUE
0xcef	CONST
0xcf3	CONST
0xcf5	CALLDATASIZE
0xcf6	CONST
0xcf8	NOT
0xcf9	ADD
0xcfa	SLT
0xcfb	CONST
0xcff	CONST
0xd01	CONST
0xd04	CONST
0xd06	CALLDATALOAD
0xd07	CONST
0xd0c	CONST
0xd0e	MLOAD
0xd14	CALLVALUE
0xd15	CONST
0xd19	CONST
0xd1b	CALLDATASIZE
0xd1c	CONST
0xd1e	NOT
0xd1f	ADD
0xd20	SLT
0xd21	CONST
0xd25	CONST
0xd28	CONST
0xd35	CALLVALUE
0xd36	CONST
0xd3a	CONST
0xd3c	CALLDATASIZE
0xd3d	CONST
0xd3f	NOT
0xd40	ADD
0xd41	SLT
0xd42	CONST
0xd46	CONST
0xd49	CONST
0xd4e	CONST
0xd6f	CONST
0xd72	CONST
0xd74	CALLDATALOAD
0xd76	CONST
0xd7a	CONST
0xd7d	CONST
0xd7f	SHL
0xd80	SUB
0xd81	CONST
0xd83	SLOAD
0xd84	AND
0xd85	ADDRESS
0xd87	CALLER
0xd89	CONST
0xd8e	CONST
0xd91	CONST
0xd93	SHL
0xd94	SUB
0xd95	AND
0xd98	CONST
0xd9a	CONST
0xd9c	CONST
0xd9f	CONST
0xda1	CONST
0xda2	SHA3
0xda3	CONST
0xda8	SLOAD
0xda9	CONST
0xdb0	CONST
0xdb3	MLOAD
0xdb7	CONST
0xdb9	CALLDATALOAD
0xdba	CONST
0xdbd	ADD
0xdbf	TIMESTAMP
0xdc2	ADD
0xdc7	CONST
0xdca	ADD
0xdce	SUB
0xe8c	MLOAD
0xe8d	ISZERO
0xe8e	CONST
0xe92	CONST
0xe94	ADD
0xe99	MLOAD
0xe9a	CONST
0xe9c	LT
0xe9d	ISZERO
0xe9e	CONST
0xea2	CONST
0xea4	ADD
0xf84	CONST
0xf85	CONST
0xf89	CONST
0xf8b	MLOAD
0xf8d	CONST
0xf90	CONST
0xf93	CONST
0xf98	CONST
0xf9c	CONST
0xf9e	CALLDATASIZE
0xf9f	CONST
0xfa2	ADD
0xfa4	CONST
0xfa6	SLOAD
0xfa7	CONST
0xfa9	CONST
0xfab	CONST
0xfad	SHL
0xfae	SUB
0xfaf	AND
0xfb0	CONST
0xfb4	CONST
0xfba	CONST
0xfbc	SLOAD
0xfbd	CONST
0xfbf	CONST
0xfc1	CONST
0xfc3	SHL
0xfc4	SUB
0xfc5	AND
0xfc6	CONST
0xfca	CONST
0xfd0	CONST
0xfd3	CONST
0xfd5	SHL
0xfd6	SUB
0xfd7	CONST
0xfd9	SLOAD
0xfda	AND
0xfdc	CONST
0xfde	MLOAD
0xfe5	CONST
0xfea	CONST
0xfec	SHL
0xfef	CONST
0xff2	ADD
0xff3	CONST
0xff8	SUB
0xffa	GAS
0xffb	STATICCALL
0xffd	ISZERO
0xffe	CONST
0x1002	CONST
0x1006	CONST
0x1008	CONST
0x100e	CONST
0x1013	MLOAD
0x1017	CONST
0x101c	RETURNDATASIZE
0x101e	CONST
0x1021	CONST
0x1026	CONST
0x102b	CONST
0x102c	CONST
0x103f	CONST
0x1041	CONST
0x1044	CONST
0x1048	CONST
0x104a	SLOAD
0x104c	CONST
0x104f	CONST
0x1051	SHL
0x1052	SUB
0x1053	AND
0x1054	CONST
0x1056	CONST
0x1057	CONST
0x105a	CONST
0x105c	CONST
0x105d	SHA3
0x105e	CONST
0x1064	ADD
0x1065	SLOAD
0x1066	NUMBER
0x1067	CONST
0x106c	LT
0x106d	ISZERO
0x122e	CONST
0x1230	CONST
0x1231	MLOAD
0x1232	CONST
0x1234	CONST
0x1237	CONST
0x1239	CONST
0x123a	MLOAD
0x123c	CONST
0x123e	SLOAD
0x123f	CONST
0x1241	SHR
0x1242	AND
0x1243	ISZERO
0x1244	CONST
0x124a	CONST
0x124f	CONST
0x1251	SHL
0x1252	CONST
0x1254	CONST
0x1256	CONST
0x1637	CONST
0x165a	CONST
0x1867	CONST
0x188a	CONST
0x1944	CONST
0x1967	CONST
0x198a	CONST
0x19ad	CONST
0x19d0	CONST
0x19f3	CONST
0x1b28	CONST
0x1b2d	CONST
0x1b2f	SHL
0x1b30	CONST
0x1b32	CONST
0x1b34	CONST
0x1b37	CONST
0x1b39	CONST
0x1b5b	CONST
0x1b60	CONST
0x1b62	SHL
0x1b63	CONST
0x1b65	CONST
0x1b67	CONST
0x1b6a	CONST
0x1b6c	CONST
0x1c4d	CONST
0x1c4f	MLOAD
0x1c50	RETURNDATASIZE
0x1c51	CONST
0x1c54	RETURNDATASIZE
0x1da0	ADD
0x1da2	CONST
0x1da6	CONST
0x1da8	CONST
0x1daa	CONST
0x1dac	CONST
0x1dae	CONST
0x1db0	CONST
0x1db2	CONST
0x1db4	CONST
0x1db6	CONST
0x1db8	CONST
0x1dba	CONST
0x1dbc	CONST
0x1dbe	CONST
0x1dc0	CONST
0x1dc2	CONST
0x1dc4	CONST
0x1dc6	CONST
0x1dc9	CONST
0x1dcc	CONST
0x1dcf	CONST
0x1dd2	CONST
0x1dd5	CONST
0x1dda	CONST
0x1ddf	CONST
0x1df3	CONST
0x1df6	CONST
0x1df9	CONST
0x1dfe	CONST
0x1e01	CONST
0x1e04	CONST
0x1e07	CONST
0x1e0a	CONST
0x1e12	CONST
0x1e15	CONST
0x1e1d	CONST
0x1e25	CONST
0x1e28	CONST
0x1e2b	CONST
0x1e44	CONST
0x11b00x53d	CONST
0x11b00xaf0	CONST
0x11850x100	CONST
0x11850x49c	CONST
0x11850xd13	CONST
0x1ef_0x0	PHI
0x1f7_0x1	PHI
0x344_0x0	PHI
0xd0b_0x1	PHI
0xe8a_0x0	PHI
0xe92_0x0	PHI
0xe92_0x1	PHI
0xfb8_0x1	PHI
0xfce_0x2	PHI
0x1012_0x1	PHI
0x1e3f0x53d	CONST
0x1e3f0xaf0	CONST
0x1e3a0x53d	CONST
0x1e3a0xaf0	CONST
0x1e350x100	CONST
0x1e350x49c	CONST
0x1e350xd13	CONST
0x11d30x53d	CONST
0x11d30xaf0	CONST
0x11d10x53d	CONST
0x11d10xaf0	CONST
0x11cf0x53d	CONST
0x11cf0xaf0	CONST
0x11ce0x53d	SHL
0x11ce0xaf0	SHL
0x11cc0x53d	CONST
0x11cc0xaf0	CONST
0x11c70x53d	CONST
0x11c70xaf0	CONST
0x11c20x53d	CONST
0x11c20xaf0	CONST
0x11c00x53d	MLOAD
0x11c00xaf0	MLOAD
0x11bf0x53d	CONST
0x11bf0xaf0	CONST
0x11bd0x53d	CONST
0x11bd0xaf0	CONST
0x11ba0x53d	CONST
0x11ba0xaf0	CONST
0x11b80x53d	CONST
0x11b80xaf0	CONST
0x11b70x53d	MLOAD
0x11b70xaf0	MLOAD
0x11b60x53d	CONST
0x11b60xaf0	CONST
0x11b40x53d	CONST
0x11b40xaf0	CONST
0x11af0x53d	EQ
0x11af0xaf0	EQ
0x11ae0x53d	SLOAD
0x11ae0xaf0	SLOAD
0x11ac0x53d	CONST
0x11ac0xaf0	CONST
0x11aa0x53d	MLOAD
0x11aa0xaf0	MLOAD
0x11a90x53d	CONST
0x11a90xaf0	CONST
0x11a70x53d	CONST
0x11a70xaf0	CONST
0x11a40x53d	CONST
0x11a40xaf0	CONST
0x11a20x53d	CONST
0x11a20xaf0	CONST
0x11a10x53d	MLOAD
0x11a10xaf0	MLOAD
0x11a00x53d	CONST
0x11a00xaf0	CONST
0x119e0x53d	CONST
0x119e0xaf0	CONST
0x119b0x100	CONST
0x119b0x49c	CONST
0x119b0xd13	CONST
0x11990x100	CONST
0x11990x49c	CONST
0x11990xd13	CONST
0x11960x100	CONST
0x11960x49c	CONST
0x11960xd13	CONST
0x11950x100	CALLER
0x11950x49c	CALLER
0x11950xd13	CALLER
0x11930x100	CONST
0x11930x49c	CONST
0x11930xd13	CONST
0x11920x100	SHL
0x11920x49c	SHL
0x11920xd13	SHL
0x11900x100	CONST
0x11900x49c	CONST
0x11900xd13	CONST
0x118b0x100	CONST
0x118b0x49c	CONST
0x118b0xd13	CONST
0x11840x100	SUB
0x11840x49c	SUB
0x11840xd13	SUB
0x11830x100	CALLER
0x11830x49c	CALLER
0x11830xd13	CALLER
0x11820x100	AND
0x11820x49c	AND
0x11820xd13	AND
0x11810x100	SUB
0x11810x49c	SUB
0x11810xd13	SUB
0x11800x100	SHL
0x11800x49c	SHL
0x11800xd13	SHL
0x117e0x100	CONST
0x117e0x49c	CONST
0x117e0xd13	CONST
0x117c0x100	CONST
0x117c0x49c	CONST
0x117c0xd13	CONST
0x117a0x100	CONST
0x117a0x49c	CONST
0x117a0xd13	CONST
0x11790x100	SLOAD
0x11790x49c	SLOAD
0x11790xd13	SLOAD
0x11770x100	CONST
0x11770x49c	CONST
0x11770xd13	CONST
0x11750x100	MLOAD
0x11750x49c	MLOAD
0x11750xd13	MLOAD
0x11740x100	CONST
0x11740x49c	CONST
0x11740xd13	CONST
0x11720x100	CONST
0x11720x49c	CONST
0x11720xd13	CONST
0x116f0x100	CONST
0x116f0x49c	CONST
0x116f0xd13	CONST
0x116d0x100	CONST
0x116d0x49c	CONST
0x116d0xd13	CONST
0x116c0x100	MLOAD
0x116c0x49c	MLOAD
0x116c0xd13	MLOAD
0x116b0x100	CONST
0x116b0x49c	CONST
0x116b0xd13	CONST
0xde9S0x113	CONST
0xdebS0x113	CALLDATALOAD
0xdedS0x113	CONST
0xdefS0x113	CONST
0xdf1S0x113	CONST
0xdf3S0x113	SHL
0xdf4S0x113	SUB
0xdf6S0x113	AND
0xdf8S0x113	SUB
0xdf9S0x113	CONST
0x1a39S0x113	CONST
0xde9S0x192	CONST
0xdebS0x192	CALLDATALOAD
0xdedS0x192	CONST
0xdefS0x192	CONST
0xdf1S0x192	CONST
0xdf3S0x192	SHL
0xdf4S0x192	SUB
0xdf6S0x192	AND
0xdf8S0x192	SUB
0xdf9S0x192	CONST
0x1a39S0x192	CONST
0xde9S0x376	CONST
0xdebS0x376	CALLDATALOAD
0xdedS0x376	CONST
0xdefS0x376	CONST
0xdf1S0x376	CONST
0xdf3S0x376	SHL
0xdf4S0x376	SUB
0xdf6S0x376	AND
0xdf8S0x376	SUB
0xdf9S0x376	CONST
0x1a39S0x376	CONST
0xe08S0x3a0	CONST
0xe0aS0x3a0	CONST
0xe0cS0x3a0	CONST
0xe0eS0x3a0	CONST
0xe0fS0x3a0	SHA3
0xe11S0x3a0	MUL
0xe12S0x3a0	ADD
0xe14S0x3a0	CONST
0xe00S0x3a0	SLOAD
0xe02S0x3a0	LT
0xe03S0x3a0	ISZERO
0xe04S0x3a0	CONST
0x1a5cS0x3a0	CONST
0x1a61S0x3a0	CONST
0x1a63S0x3a0	SHL
0x1a64S0x3a0	CONST
0x1a66S0x3a0	CONST
0x1a68S0x3a0	CONST
0x1a6bS0x3a0	CONST
0x1a6dS0x3a0	CONST
0xde9S0x426	CONST
0xdebS0x426	CALLDATALOAD
0xdedS0x426	CONST
0xdefS0x426	CONST
0xdf1S0x426	CONST
0xdf3S0x426	SHL
0xdf4S0x426	SUB
0xdf6S0x426	AND
0xdf8S0x426	SUB
0xdf9S0x426	CONST
0x1a39S0x426	CONST
0xde9S0x45f	CONST
0xdebS0x45f	CALLDATALOAD
0xdedS0x45f	CONST
0xdefS0x45f	CONST
0xdf1S0x45f	CONST
0xdf3S0x45f	SHL
0xdf4S0x45f	SUB
0xdf6S0x45f	AND
0xdf8S0x45f	SUB
0xdf9S0x45f	CONST
0x1a39S0x45f	CONST
0xde9S0x518	CONST
0xdebS0x518	CALLDATALOAD
0xdedS0x518	CONST
0xdefS0x518	CONST
0xdf1S0x518	CONST
0xdf3S0x518	SHL
0xdf4S0x518	SUB
0xdf6S0x518	AND
0xdf8S0x518	SUB
0xdf9S0x518	CONST
0x1a39S0x518	CONST
0xdd3S0xd46	CONST
0xdd5S0xd46	CALLDATALOAD
0xdd7S0xd46	CONST
0xdd9S0xd46	CONST
0xddbS0xd46	CONST
0xdddS0xd46	SHL
0xddeS0xd46	SUB
0xde0S0xd46	AND
0xde2S0xd46	SUB
0xde3S0xd46	CONST
0x1a16S0xd46	CONST
0xdd3S0x199	CONST
0xdd5S0x199	CALLDATALOAD
0xdd7S0x199	CONST
0xdd9S0x199	CONST
0xddbS0x199	CONST
0xdddS0x199	SHL
0xddeS0x199	SUB
0xde0S0x199	AND
0xde2S0x199	SUB
0xde3S0x199	CONST
0x1a16S0x199	CONST
0xe08S0x103d	CONST
0xe0aS0x103d	CONST
0xe0cS0x103d	CONST
0xe0eS0x103d	CONST
0xe0fS0x103d	SHA3
0xe11S0x103d	MUL
0xe12S0x103d	ADD
0xe14S0x103d	CONST
0xe00S0x103d	SLOAD
0xe02S0x103d	LT
0xe03S0x103d	ISZERO
0xe04S0x103d	CONST
0x1a5cS0x103d	CONST
0x1a61S0x103d	CONST
0x1a63S0x103d	SHL
0x1a64S0x103d	CONST
0x1a66S0x103d	CONST
0x1a68S0x103d	CONST
0x1a6bS0x103d	CONST
0x1a6dS0x103d	CONST
0xe86S0xf83	CONST
0x1af5S0xf83	CONST
0x1afaS0xf83	CONST
0x1afcS0xf83	SHL
0x1afdS0xf83	CONST
0x1affS0xf83	CONST
0x1b01S0xf83	CONST
0x1b04S0xf83	CONST
0x1b06S0xf83	CONST
0xe6aS0xf83	CONST
0xe6dS0xf83	NOT
0xe6fS0xf83	ADD
0xe70S0xf83	AND
0xe72S0xf83	ADD
0xe75S0xf83	LT
0xe76S0xf83	CONST
0xe80S0xf83	GT
0xe81S0xf83	OR
0xe82S0xf83	CONST
0x10e2S0xd4d	CONST
0x10e4S0xd4d	MLOAD
0x10e5S0xd4d	CONST
0x10eaS0xd4d	CONST
0x10ecS0xd4d	SHL
0x10edS0xd4d	CONST
0x10f1S0xd4d	CONST
0x10f3S0xd4d	CONST
0x10f5S0xd4d	CONST
0x10f7S0xd4d	SHL
0x10f8S0xd4d	SUB
0x10fbS0xd4d	AND
0x10fcS0xd4d	CONST
0x1102S0xd4d	AND
0x1103S0xd4d	CONST
0x1106S0xd4d	CONST
0x110cS0xd4d	CONST
0x110fS0xd4d	CONST
0x1114S0xd4d	GAS
0x1115S0xd4d	CALL
0x1117S0xd4d	CONST
0x1119S0xd4d	CONST
0x111aS0xd4d	MLOAD
0x111bS0xd4d	EQ
0x111dS0xd4d	AND
0x111eS0xd4d	ISZERO
0x111fS0xd4d	CONST
0x1154S0xd4d	CONST
0x1157S0xd4d	ISZERO
0x1158S0xd4d	AND
0x1159S0xd4d	CONST
0x1caaS0xd4d	CONST
0x1cafS0xd4d	CONST
0x1cb1S0xd4d	SHL
0x1cb2S0xd4d	CONST
0x1cb6S0xd4d	CONST
0x1cb8S0xd4d	CONST
0x1cbaS0xd4d	CONST
0x1cbcS0xd4d	SHL
0x1cbdS0xd4d	SUB
0x1cc1S0xd4d	AND
0x1cc2S0xd4d	CONST
0x1cc5S0xd4d	CONST
0x1ceaS0xd4d	RETURNDATASIZE
0x1cebS0xd4d	CONST
0x1ceeS0xd4d	RETURNDATASIZE
0x1124S0xd4d	CONST
0x1127S0xd4d	CONST
0x1128S0xd4d	CONST
0x112bS0xd4d	ISZERO
0x112cS0xd4d	CONST
0x1123_0x1S0xd4d	PHI
0x115eS0xd4d	EXTCODESIZE
0x115fS0xd4d	ISZERO
0x1160S0xd4d	ISZERO
0x1161S0xd4d	RETURNDATASIZE
0x1162S0xd4d	ISZERO
0x1163S0xd4d	AND
0x1164S0xd4d	AND
0x1166S0xd4d	CONST
0xe2fS0xd8d	ADD
0xe32S0xd8d	GT
0xe33S0xd8d	CONST
0x1a8fS0xd8d	CONST
0x1a94S0xd8d	CONST
0x1a96S0xd8d	SHL
0x1a97S0xd8d	CONST
0x1a99S0xd8d	CONST
0x1a9bS0xd8d	CONST
0x1a9eS0xd8d	CONST
0x1aa0S0xd8d	CONST
0xe86S0x1016	CONST
0x1af5S0x1016	CONST
0x1afaS0x1016	CONST
0x1afcS0x1016	SHL
0x1afdS0x1016	CONST
0x1affS0x1016	CONST
0x1b01S0x1016	CONST
0x1b04S0x1016	CONST
0x1b06S0x1016	CONST
0xe6aS0x1016	CONST
0xe6dS0x1016	NOT
0xe6fS0x1016	ADD
0xe70S0x1016	AND
0xe72S0x1016	ADD
0xe75S0x1016	LT
0xe76S0x1016	CONST
0xe80S0x1016	GT
0xe81S0x1016	OR
0xe82S0x1016	CONST
0x1c77S0x1062	CONST
0x1c7cS0x1062	CONST
0x1c7eS0x1062	SHL
0x1c7fS0x1062	CONST
0x1c81S0x1062	CONST
0x1c83S0x1062	CONST
0x1c86S0x1062	CONST
0x1c88S0x1062	CONST
0x1034S0x1062	SUB
0x1037S0x1062	GT
0x1038S0x1062	CONST
0xf6aS0xfce	CONST
0xf6dS0xfce	CONST
0xf75S0xfce	CONST
0xf78S0xfce	ADD
0xf7aS0xfce	ADD
0xf7cS0xfce	CONST
0xf4cS0xf69S0xfce	MLOAD
0xf4dS0xf69S0xfce	CONST
0xf4fS0xf69S0xfce	CONST
0xf51S0xf69S0xfce	CONST
0xf53S0xf69S0xfce	SHL
0xf54S0xf69S0xfce	SUB
0xf55S0xf69S0xfce	AND
0xf58S0xf69S0xfce	CONST
0xf5cS0xf69S0xfce	ADD
0xf60S0xf69S0xfce	ADD
0xf62S0xf69S0xfce	CONST
0xf64S0xf69S0xfce	ADD
0xf65S0xf69S0xfce	CONST
0xf4a_0x0S0xf69S0xfce	PHI
0xf4a_0x2S0xf69S0xfce	PHI
0xf4a_0x3S0xf69S0xfce	PHI
0xf40S0xf69S0xfce	LT
0xf41S0xf69S0xfce	CONST
0xf3d_0x0S0xf69S0xfce	PHI
0xf2fS0xf69S0xfce	CONST
0xf33S0xf69S0xfce	MLOAD
0xf38S0xf69S0xfce	ADD
0xf3aS0xf69S0xfce	ADD
0xf3cS0xf69S0xfce	CONST
0xf45_0x3S0xf69S0xfce	PHI
0xec4S0x1d9e	ADD
0xec7S0x1d9e	CONST
0xecaS0x1d9e	ADD
0xecbS0x1d9e	SLT
0xeccS0x1d9e	ISZERO
0xecdS0x1d9e	CONST
0xf0cS0x1d9e	CONST
0xf0eS0x1d9e	ADD
0x1b8eS0x1d9e	CONST
0x1bb1S0x1d9e	CONST
0x1bd4S0x1d9e	CONST
0x1bf7S0x1d9e	CONST
0x1bfcS0x1d9e	CONST
0x1bfeS0x1d9e	SHL
0x1bffS0x1d9e	CONST
0x1c01S0x1d9e	CONST
0x1c03S0x1d9e	CONST
0x1c06S0x1d9e	CONST
0x1c08S0x1d9e	CONST
0xefcS0x1d9e	CONST
0xf00S0x1d9e	ADD
0xf03S0x1d9e	ADD
0xf04S0x1d9e	ADD
0xf07S0x1d9e	GT
0xf08S0x1d9e	CONST
0x1c2aS0x1d9e	CONST
0xf1fS0x1d9e	MLOAD
0xf22S0x1d9e	CONST
0xf26S0x1d9e	ADD
0xf28S0x1d9e	ADD
0xf29S0x1d9e	CONST
0xf1d_0x0S0x1d9e	PHI
0xf1d_0x1S0x1d9e	PHI
0xf13S0x1d9e	LT
0xf14S0x1d9e	CONST
0xf10_0x1S0x1d9e	PHI
0xea8S0x1d9e	CONST
0xeacS0x1d9e	SUB
0xeadS0x1d9e	SLT
0xeaeS0x1d9e	CONST
0xeb3S0x1d9e	MLOAD
0xeb5S0x1d9e	CONST
0xebfS0x1d9e	GT
0xec0S0x1d9e	CONST
0xed2S0x1d9e	MLOAD
0xed4S0x1d9e	CONST
0xedeS0x1d9e	GT
0xedfS0x1d9e	CONST
0xee4S0x1d9e	CONST
0xee6S0x1d9e	SHL
0xee8S0x1d9e	CONST
0xeebS0x1d9e	ADD
0xeedS0x1d9e	CONST
0xef0S0x1d9e	CONST
0xef2S0x1d9e	MLOAD
0xef5S0x1d9e	CONST
0xe86S0xee3S0x1d9e	CONST
0x1af5S0xee3S0x1d9e	CONST
0x1afaS0xee3S0x1d9e	CONST
0x1afcS0xee3S0x1d9e	SHL
0x1afdS0xee3S0x1d9e	CONST
0x1affS0xee3S0x1d9e	CONST
0x1b01S0xee3S0x1d9e	CONST
0x1b04S0xee3S0x1d9e	CONST
0x1b06S0xee3S0x1d9e	CONST
0xe6aS0xee3S0x1d9e	CONST
0xe6dS0xee3S0x1d9e	NOT
0xe6fS0xee3S0x1d9e	ADD
0xe70S0xee3S0x1d9e	AND
0xe72S0xee3S0x1d9e	ADD
0xe75S0xee3S0x1d9e	LT
0xe76S0xee3S0x1d9e	CONST
0xe80S0xee3S0x1d9e	GT
0xe81S0xee3S0x1d9e	OR
0xe82S0xee3S0x1d9e	CONST
0x1da5	JUMP
0xff6	JUMP
0x1a0	JUMP
0xd4c	JUMP
0x11c	JUMP
0x198	JUMP
0x37c	JUMP
0x43a	JUMP
0x46a	JUMP
0x52c	JUMP
0x3a8	JUMP
0x1061	JUMP
0xdac	JUMP
0x106a	JUMP
0x124	JUMP
0x228	JUMP
0x334	JUMP
0x34c	JUMP
0x356	JUMP
0x35e	JUMP
0x3d5	JUMP
0x473	JUMP
0x4b4	JUMP
0x559	JUMP
0xb0b	JUMP
0xd0a	JUMP
0xd2b	JUMP
0xdcc	JUMP
0xe96	JUMP
0xea6	JUMP
0xfb7	JUMP
0xfcd	JUMP
0x1011	JUMP
0x1015	JUMP
0x102f	JUMP
0x106f	JUMP
0x1248	JUMP
0x11890x100	JUMP
0x11890x49c	JUMP
0x11890xd13	JUMP
0x11c50x53d	JUMP
0x11c50xaf0	JUMP
0xdd1	STOP
0xd	JUMPI
0xda	JUMPI
0xe5	JUMPI
0x106	JUMPI
0x112	JUMPI
0x133	JUMPI
0x13e	JUMPI
0x15c	JUMPI
0x167	JUMPI
0x185	JUMPI
0x191	JUMPI
0x1b8	JUMPI
0x1e4	JUMPI
0x1ee	JUMPI
0x1f6	JUMPI
0x1fc	JUMPI
0x21f	JUMPI
0x369	JUMPI
0x375	JUMPI
0x39f	JUMPI
0x3e4	JUMPI
0x3ef	JUMPI
0x419	JUMPI
0x425	JUMPI
0x452	JUMPI
0x45e	JUMPI
0x484	JUMPI
0x48f	JUMPI
0x4a2	JUMPI
0x4ad	JUMPI
0x50b	JUMPI
0x517	JUMPI
0x543	JUMPI
0x54f	JUMPI
0xaf5	JUMPI
0xb01	JUMPI
0xcf2	JUMPI
0xcfe	JUMPI
0xd18	JUMPI
0xd24	JUMPI
0xd39	JUMPI
0xd45	JUMPI
0xe91	JUMPI
0xea1	JUMPI
0x1001	JUMPI
0x100b	JUMPI
0x1247	JUMPI
0x1da7	JUMPI
0x1da9	JUMPI
0x1dab	JUMPI
0x1dad	JUMPI
0x1daf	JUMPI
0x1db1	JUMPI
0x1db3	JUMPI
0x1db5	JUMPI
0x1db7	JUMPI
0x1db9	JUMPI
0x1dbb	JUMPI
0x1dbd	JUMPI
0x1dbf	JUMPI
0x1dc1	JUMPI
0x1dc3	JUMPI
0x1dc5	JUMPI
0x1dc7	JUMPI
0x11880x100	JUMPI
0x11880x49c	JUMPI
0x11880xd13	JUMPI
0x11b30x53d	JUMPI
0x11b30xaf0	JUMPI
0xfc	RETURN
0x155	RETURN
0x17e	RETURN
0x3d9	RETURN
0x412	RETURN
0x44b	RETURN
0x47d	RETURN
0x49b	RETURN
0x53c	RETURN
0xd12	RETURN
0x10	REVERT
0xd4	REVERT
0x343	REVERT
0x362	REVERT
0x3dd	REVERT
0x1257	REVERT
0x1308	REVERT
0x132a	REVERT
0x134c	REVERT
0x136e	REVERT
0x1390	REVERT
0x13b2	REVERT
0x13d4	REVERT
0x13f6	REVERT
0x1418	REVERT
0x143a	REVERT
0x145c	REVERT
0x147e	REVERT
0x14a0	REVERT
0x14c2	REVERT
0x14e4	REVERT
0x1506	REVERT
0x1528	REVERT
0x154a	REVERT
0x156c	REVERT
0x158e	REVERT
0x15b0	REVERT
0x15d2	REVERT
0x15f4	REVERT
0x1616	REVERT
0x1639	REVERT
0x165c	REVERT
0x1869	REVERT
0x188c	REVERT
0x1946	REVERT
0x1969	REVERT
0x198c	REVERT
0x19af	REVERT
0x19d2	REVERT
0x19f5	REVERT
0x1b3a	REVERT
0x1b6d	REVERT
0x1c56	REVERT
0x119c0x100	REVERT
0x119c0x49c	REVERT
0x119c0xd13	REVERT
0x11d40x53d	REVERT
0x11d40xaf0	REVERT
0xfa3	CALLDATACOPY
0xf8	MSTORE
0x151	MSTORE
0x17a	MSTORE
0x1c6	MSTORE
0x219	MSTORE
0x32e	MSTORE
0x33f	MSTORE
0x388	MSTORE
0x38d	MSTORE
0x3cd	MSTORE
0x3d2	MSTORE
0x3d4	MSTORE
0x3fd	MSTORE
0x40e	MSTORE
0x43e	MSTORE
0x442	MSTORE
0x44a	MSTORE
0x47c	MSTORE
0x49a	MSTORE
0x530	MSTORE
0x533	MSTORE
0x53b	MSTORE
0xd11	MSTORE
0xd99	MSTORE
0xd9e	MSTORE
0xdb6	MSTORE
0xdbe	MSTORE
0xdc3	MSTORE
0xf9b	MSTORE
0xfb9	MSTORE
0xfcf	MSTORE
0xfee	MSTORE
0x1055	MSTORE
0x1059	MSTORE
0x123d	MSTORE
0x1253	MSTORE
0x1b31	MSTORE
0x1b36	MSTORE
0x1b64	MSTORE
0x1b69	MSTORE
0x11780x100	MSTORE
0x11780x49c	MSTORE
0x11780xd13	MSTORE
0x11940x100	MSTORE
0x11980x100	MSTORE
0x11940x49c	MSTORE
0x11980x49c	MSTORE
0x11940xd13	MSTORE
0x11980xd13	MSTORE
0x11ad0x53d	MSTORE
0x11ad0xaf0	MSTORE
0x11c30x53d	MSTORE
0x11c30xaf0	MSTORE
0x11d00x53d	MSTORE
0x11d00xaf0	MSTORE
0x21a	SSTORE
0x32f	SSTORE
0xdaf	SSTORE
0x11c40x53d	SSTORE
0x11c40xaf0	SSTORE
0xdd0	LOG2
0x1020	RETURNDATACOPY
0x1c53	RETURNDATACOPY
0xd8c	JUMP
0xf96	JUMP
0x1029	JUMP
0x1dca	CALLPRIVATE
0x1dcd	CALLPRIVATE
0x1dd0	CALLPRIVATE
0x1dd3	CALLPRIVATE
0x1dd6	CALLPRIVATE
0x1df7	CALLPRIVATE
0x1dfa	CALLPRIVATE
0x1e02	CALLPRIVATE
0x1e05	CALLPRIVATE
0x1e08	CALLPRIVATE
0x1e0b	CALLPRIVATE
0x1e13	CALLPRIVATE
0x1e16	CALLPRIVATE
0x1e1e	CALLPRIVATE
0x1e26	CALLPRIVATE
0x1e29	CALLPRIVATE
0x1e2c	CALLPRIVATE
0xdfdS0x113	JUMP
0xdfcS0x113	JUMPI
0x1a3bS0x113	REVERT
0xdfdS0x192	JUMP
0xdfcS0x192	JUMPI
0x1a3bS0x192	REVERT
0xdfdS0x376	JUMP
0xdfcS0x376	JUMPI
0x1a3bS0x376	REVERT
0xe09S0x3a0	MSTORE
0xe16S0x3a0	JUMP
0xe07S0x3a0	JUMPI
0x1a6eS0x3a0	REVERT
0x1a65S0x3a0	MSTORE
0x1a6aS0x3a0	MSTORE
0xdfdS0x426	JUMP
0xdfcS0x426	JUMPI
0x1a3bS0x426	REVERT
0xdfdS0x45f	JUMP
0xdfcS0x45f	JUMPI
0x1a3bS0x45f	REVERT
0xdfdS0x518	JUMP
0xdfcS0x518	JUMPI
0x1a3bS0x518	REVERT
0xde7S0xd46	JUMP
0xde6S0xd46	JUMPI
0x1a18S0xd46	REVERT
0xde7S0x199	JUMP
0xde6S0x199	JUMPI
0x1a18S0x199	REVERT
0xe09S0x103d	MSTORE
0xe16S0x103d	JUMP
0xe07S0x103d	JUMPI
0x1a6eS0x103d	REVERT
0x1a65S0x103d	MSTORE
0x1a6aS0x103d	MSTORE
0xe88S0xf83	MSTORE
0xe89S0xf83	JUMP
0x1b07S0xf83	REVERT
0x1afeS0xf83	MSTORE
0x1b03S0xf83	MSTORE
0xe85S0xf83	JUMPI
0x1122S0xd4d	JUMPI
0x10f0S0xd4d	MSTORE
0x10feS0xd4d	MSTORE
0x1105S0xd4d	MSTORE
0x110bS0xd4d	MSTORE
0x115cS0xd4d	JUMPI
0x1cc8S0xd4d	REVERT
0x1cb5S0xd4d	MSTORE
0x1cc4S0xd4d	MSTORE
0x1cf0S0xd4d	REVERT
0x1cedS0xd4d	RETURNDATACOPY
0x112fS0xd4d	JUMPI
0x1126S0xd4d	MSTORE
0x112aS0xd4d	MSTORE
0x1131S0xd4d	JUMP
0x1169S0xd4d	JUMP
0xe37S0xd8d	JUMP
0xe36S0xd8d	JUMPI
0x1aa1S0xd8d	REVERT
0x1a98S0xd8d	MSTORE
0x1a9dS0xd8d	MSTORE
0xe88S0x1016	MSTORE
0xe89S0x1016	JUMP
0x1b07S0x1016	REVERT
0x1afeS0x1016	MSTORE
0x1b03S0x1016	MSTORE
0xe85S0x1016	JUMPI
0x103cS0x1062	JUMP
0x1c89S0x1062	REVERT
0x1c80S0x1062	MSTORE
0x1c85S0x1062	MSTORE
0x103bS0x1062	JUMPI
0xf82S0xfce	JUMP
0xf7fS0xfce	JUMP
0xf73S0xfce	MSTORE
0xf79S0xfce	MSTORE
0xf68S0xf69S0xfce	JUMP
0xf57S0xf69S0xfce	MSTORE
0xf44S0xf69S0xfce	JUMPI
0xf37S0xf69S0xfce	MSTORE
0xf49S0xf69S0xfce	JUMP
0xed0S0x1d9e	JUMPI
0x1b90S0x1d9e	REVERT
0x1bb3S0x1d9e	REVERT
0x1bd6S0x1d9e	REVERT
0x1c09S0x1d9e	REVERT
0x1c00S0x1d9e	MSTORE
0x1c05S0x1d9e	MSTORE
0xf0bS0x1d9e	JUMPI
0xefbS0x1d9e	MSTORE
0x1c2cS0x1d9e	REVERT
0xf2cS0x1d9e	JUMP
0xf21S0x1d9e	MSTORE
0xf17S0x1d9e	JUMPI
0xeb1S0x1d9e	JUMPI
0xec3S0x1d9e	JUMPI
0xee2S0x1d9e	JUMPI
0xef8S0x1d9e	JUMP
0xf1cS0x1d9e	JUMP
0xe88S0xee3S0x1d9e	MSTORE
0xe89S0xee3S0x1d9e	JUMP
0x1b07S0xee3S0x1d9e	REVERT
0x1afeS0xee3S0x1d9e	MSTORE
0x1b03S0xee3S0x1d9e	MSTORE
0xe85S0xee3S0x1d9e	JUMPI
