0x0	nil
0x3f	nil
0x60	nil
0x4	nil
0x2	nil
0x5	nil
0x7	nil
0x8	nil
0x9	nil
0xa	nil
0xe	nil
0x12	nil
0x13	nil
0x14	nil
0x15	nil
0x17	nil
0x19	nil
0x1e	nil
0x24	nil
0x29	nil
0x2f	nil
0x34	nil
0x3a	nil
0x45	nil
0x4a	nil
0x50	nil
0x55	nil
0x5b	nil
0x66	nil
0x6b	nil
0x71	nil
0x76	nil
0x7c	nil
0x81	nil
0x87	nil
0x8c	nil
0x92	nil
0x97	nil
0x9d	nil
0xa2	nil
0xa8	nil
0xad	nil
0xb3	nil
0xb8	nil
0xbe	nil
0xc3	nil
0xc8	nil
0xcd	nil
0xd2	nil
0xd6	nil
0xd7	nil
0xdc	nil
0xde	nil
0xdf	nil
0xe0	nil
0xe1	nil
0xe2	nil
0xe6	nil
0xe8	nil
0xe9	nil
0xeb	nil
0xec	nil
0xee	nil
0xf0	nil
0xf2	nil
0xf3	nil
0xf6	nil
0xf9	nil
0x102	nil
0x103	nil
0x107	nil
0x109	nil
0x10a	nil
0x10c	nil
0x10d	nil
0x10e	nil
0x10f	nil
0x113	nil
0x116	nil
0x119	nil
0x11e	nil
0x121	nil
0x12f	nil
0x130	nil
0x135	nil
0x137	nil
0x138	nil
0x139	nil
0x13a	nil
0x13b	nil
0x13f	nil
0x141	nil
0x142	nil
0x144	nil
0x145	nil
0x147	nil
0x149	nil
0x14b	nil
0x14c	nil
0x14f	nil
0x152	nil
0x158	nil
0x159	nil
0x15e	nil
0x160	nil
0x161	nil
0x162	nil
0x163	nil
0x164	nil
0x168	nil
0x16a	nil
0x16b	nil
0x16d	nil
0x16e	nil
0x170	nil
0x172	nil
0x174	nil
0x175	nil
0x178	nil
0x17b	nil
0x181	nil
0x182	nil
0x186	nil
0x188	nil
0x189	nil
0x18b	nil
0x18c	nil
0x18d	nil
0x18e	nil
0x192	nil
0x195	nil
0x19a	nil
0x19d	nil
0x1a3	nil
0x1a5	nil
0x1a6	nil
0x1a8	nil
0x1aa	nil
0x1ac	nil
0x1ad	nil
0x1af	nil
0x1b4	nil
0x1b5	nil
0x1b9	nil
0x1ba	nil
0x1bb	nil
0x1bd	nil
0x1c0	nil
0x1c2	nil
0x1c3	nil
0x1c5	nil
0x1c7	nil
0x1c9	nil
0x1cc	nil
0x1ce	nil
0x1cf	nil
0x1d0	nil
0x1d2	nil
0x1dc	nil
0x1de	nil
0x1e1	nil
0x1e6	nil
0x1e8	nil
0x1eb	nil
0x1f0	nil
0x1f3	nil
0x1f9	nil
0x1fd	nil
0x206	nil
0x208	nil
0x209	nil
0x20b	nil
0x20c	nil
0x20d	nil
0x20e	nil
0x210	nil
0x213	nil
0x215	nil
0x216	nil
0x218	nil
0x21c	nil
0x222	nil
0x225	nil
0x30a	nil
0x314	nil
0x315	nil
0x316	nil
0x320	nil
0x321	nil
0x322	nil
0x323	nil
0x325	nil
0x328	nil
0x32a	nil
0x32b	nil
0x32d	nil
0x330	nil
0x331	nil
0x336	nil
0x33b	nil
0x33d	nil
0x340	nil
0x347	nil
0x348	nil
0x349	nil
0x34e	nil
0x34f	nil
0x350	nil
0x353	nil
0x35b	nil
0x365	nil
0x366	nil
0x36a	nil
0x36c	nil
0x36d	nil
0x36f	nil
0x370	nil
0x371	nil
0x372	nil
0x376	nil
0x379	nil
0x37e	nil
0x380	nil
0x382	nil
0x384	nil
0x385	nil
0x386	nil
0x389	nil
0x38e	nil
0x391	nil
0x393	nil
0x394	nil
0x396	nil
0x39a	nil
0x39b	nil
0x39c	nil
0x3a0	nil
0x3a5	nil
0x3ac	nil
0x3ad	nil
0x3b0	nil
0x3b2	nil
0x3b5	nil
0x3b6	nil
0x3b8	nil
0x3b9	nil
0x3ba	nil
0x3bc	nil
0x3c1	nil
0x3c7	nil
0x3ca	nil
0x3ce	nil
0x3d1	nil
0x3d3	nil
0x3d7	nil
0x3e0	nil
0x3e1	nil
0x3e6	nil
0x3e8	nil
0x3e9	nil
0x3ea	nil
0x3eb	nil
0x3ec	nil
0x3f0	nil
0x3f1	nil
0x3f2	nil
0x3f4	nil
0x3f7	nil
0x3f9	nil
0x3fa	nil
0x3fc	nil
0x3fe	nil
0x3ff	nil
0x401	nil
0x402	nil
0x404	nil
0x406	nil
0x408	nil
0x409	nil
0x40c	nil
0x40f	nil
0x415	nil
0x416	nil
0x41a	nil
0x41c	nil
0x41d	nil
0x41f	nil
0x420	nil
0x421	nil
0x422	nil
0x426	nil
0x429	nil
0x42c	nil
0x42e	nil
0x430	nil
0x432	nil
0x433	nil
0x434	nil
0x437	nil
0x43c	nil
0x43f	nil
0x443	nil
0x444	nil
0x445	nil
0x447	nil
0x44e	nil
0x44f	nil
0x453	nil
0x455	nil
0x456	nil
0x458	nil
0x459	nil
0x45a	nil
0x45b	nil
0x45f	nil
0x461	nil
0x464	nil
0x467	nil
0x46c	nil
0x46e	nil
0x470	nil
0x475	nil
0x477	nil
0x479	nil
0x47a	nil
0x480	nil
0x481	nil
0x486	nil
0x488	nil
0x489	nil
0x48a	nil
0x48b	nil
0x48c	nil
0x490	nil
0x492	nil
0x494	nil
0x495	nil
0x497	nil
0x49e	nil
0x49f	nil
0x4a4	nil
0x4a6	nil
0x4a7	nil
0x4a8	nil
0x4a9	nil
0x4aa	nil
0x4ae	nil
0x4b1	nil
0x507	nil
0x508	nil
0x50c	nil
0x50e	nil
0x50f	nil
0x511	nil
0x512	nil
0x513	nil
0x514	nil
0x518	nil
0x51b	nil
0x51e	nil
0x520	nil
0x522	nil
0x524	nil
0x525	nil
0x526	nil
0x529	nil
0x52e	nil
0x534	nil
0x535	nil
0x536	nil
0x538	nil
0x53f	nil
0x540	nil
0x544	nil
0x546	nil
0x547	nil
0x549	nil
0x54a	nil
0x54b	nil
0x54c	nil
0x550	nil
0x552	nil
0x553	nil
0x556	nil
0xaf1	nil
0xaf2	nil
0xaf6	nil
0xaf8	nil
0xaf9	nil
0xafb	nil
0xafc	nil
0xafd	nil
0xafe	nil
0xb02	nil
0xb04	nil
0xb05	nil
0xb08	nil
0xcee	nil
0xcef	nil
0xcf3	nil
0xcf5	nil
0xcf6	nil
0xcf8	nil
0xcf9	nil
0xcfa	nil
0xcfb	nil
0xcff	nil
0xd01	nil
0xd04	nil
0xd06	nil
0xd07	nil
0xd0c	nil
0xd0e	nil
0xd14	nil
0xd15	nil
0xd19	nil
0xd1b	nil
0xd1c	nil
0xd1e	nil
0xd1f	nil
0xd20	nil
0xd21	nil
0xd25	nil
0xd28	nil
0xd35	nil
0xd36	nil
0xd3a	nil
0xd3c	nil
0xd3d	nil
0xd3f	nil
0xd40	nil
0xd41	nil
0xd42	nil
0xd46	nil
0xd49	nil
0xd4e	nil
0xd6f	nil
0xd72	nil
0xd74	nil
0xd76	nil
0xd7a	nil
0xd7d	nil
0xd7f	nil
0xd80	nil
0xd81	nil
0xd83	nil
0xd84	nil
0xd85	nil
0xd87	nil
0xd89	nil
0xd8e	nil
0xd91	nil
0xd93	nil
0xd94	nil
0xd95	nil
0xd98	nil
0xd9a	nil
0xd9c	nil
0xd9f	nil
0xda1	nil
0xda2	nil
0xda3	nil
0xda8	nil
0xda9	nil
0xdb0	nil
0xdb3	nil
0xdb7	nil
0xdb9	nil
0xdba	nil
0xdbd	nil
0xdbf	nil
0xdc2	nil
0xdc7	nil
0xdca	nil
0xdce	nil
0xe8c	nil
0xe8d	nil
0xe8e	nil
0xe92	nil
0xe94	nil
0xe99	nil
0xe9a	nil
0xe9c	nil
0xe9d	nil
0xe9e	nil
0xea2	nil
0xea4	nil
0xf84	nil
0xf85	nil
0xf89	nil
0xf8b	nil
0xf8d	nil
0xf90	nil
0xf93	nil
0xf98	nil
0xf9c	nil
0xf9e	nil
0xf9f	nil
0xfa2	nil
0xfa4	nil
0xfa6	nil
0xfa7	nil
0xfa9	nil
0xfab	nil
0xfad	nil
0xfae	nil
0xfaf	nil
0xfb0	nil
0xfb4	nil
0xfba	nil
0xfbc	nil
0xfbd	nil
0xfbf	nil
0xfc1	nil
0xfc3	nil
0xfc4	nil
0xfc5	nil
0xfc6	nil
0xfca	nil
0xfd0	nil
0xfd3	nil
0xfd5	nil
0xfd6	nil
0xfd7	nil
0xfd9	nil
0xfda	nil
0xfdc	nil
0xfde	nil
0xfe5	nil
0xfea	nil
0xfec	nil
0xfef	nil
0xff2	nil
0xff3	nil
0xff8	nil
0xffa	nil
0xffb	nil
0xffd	nil
0xffe	nil
0x1002	nil
0x1006	nil
0x1008	nil
0x100e	nil
0x1013	nil
0x1017	nil
0x101c	nil
0x101e	nil
0x1021	nil
0x1026	nil
0x102b	nil
0x102c	nil
0x103f	nil
0x1041	nil
0x1044	nil
0x1048	nil
0x104a	nil
0x104c	nil
0x104f	nil
0x1051	nil
0x1052	nil
0x1053	nil
0x1054	nil
0x1056	nil
0x1057	nil
0x105a	nil
0x105c	nil
0x105d	nil
0x105e	nil
0x1064	nil
0x1065	nil
0x1066	nil
0x1067	nil
0x106c	nil
0x106d	nil
0x122e	nil
0x1230	nil
0x1231	nil
0x1232	nil
0x1234	nil
0x1237	nil
0x1239	nil
0x123a	nil
0x123c	nil
0x123e	nil
0x123f	nil
0x1241	nil
0x1242	nil
0x1243	nil
0x1244	nil
0x124a	nil
0x124f	nil
0x1251	nil
0x1252	nil
0x1254	nil
0x1256	nil
0x1637	nil
0x165a	nil
0x1867	nil
0x188a	nil
0x1944	nil
0x1967	nil
0x198a	nil
0x19ad	nil
0x19d0	nil
0x19f3	nil
0x1b28	nil
0x1b2d	nil
0x1b2f	nil
0x1b30	nil
0x1b32	nil
0x1b34	nil
0x1b37	nil
0x1b39	nil
0x1b5b	nil
0x1b60	nil
0x1b62	nil
0x1b63	nil
0x1b65	nil
0x1b67	nil
0x1b6a	nil
0x1b6c	nil
0x1c4d	nil
0x1c4f	nil
0x1c50	nil
0x1c51	nil
0x1c54	nil
0x1da0	nil
0x1da2	nil
0x1da6	nil
0x1da8	nil
0x1daa	nil
0x1dac	nil
0x1dae	nil
0x1db0	nil
0x1db2	nil
0x1db4	nil
0x1db6	nil
0x1db8	nil
0x1dba	nil
0x1dbc	nil
0x1dbe	nil
0x1dc0	nil
0x1dc2	nil
0x1dc4	nil
0x1dc6	nil
0x1dc9	nil
0x1dcc	nil
0x1dcf	nil
0x1dd2	nil
0x1dd5	nil
0x1dda	nil
0x1ddf	nil
0x1df3	nil
0x1df6	nil
0x1df9	nil
0x1dfe	nil
0x1e01	nil
0x1e04	nil
0x1e07	nil
0x1e0a	nil
0x1e12	nil
0x1e15	nil
0x1e1d	nil
0x1e25	nil
0x1e28	nil
0x1e2b	nil
0x1e44	nil
0x11b00x53d	nil
0x11b00xaf0	nil
0x11850x100	nil
0x11850x49c	nil
0x11850xd13	nil
0x1ef_0x0	nil
0x1f7_0x1	nil
0x344_0x0	nil
0xd0b_0x1	nil
0xe8a_0x0	nil
0xe92_0x0	nil
0xe92_0x1	nil
0xfb8_0x1	nil
0xfce_0x2	nil
0x1012_0x1	nil
0x1e3f0x53d	nil
0x1e3f0xaf0	nil
0x1e3a0x53d	nil
0x1e3a0xaf0	nil
0x1e350x100	nil
0x1e350x49c	nil
0x1e350xd13	nil
0x11d30x53d	nil
0x11d30xaf0	nil
0x11d10x53d	nil
0x11d10xaf0	nil
0x11cf0x53d	nil
0x11cf0xaf0	nil
0x11ce0x53d	nil
0x11ce0xaf0	nil
0x11cc0x53d	nil
0x11cc0xaf0	nil
0x11c70x53d	nil
0x11c70xaf0	nil
0x11c20x53d	nil
0x11c20xaf0	nil
0x11c00x53d	nil
0x11c00xaf0	nil
0x11bf0x53d	nil
0x11bf0xaf0	nil
0x11bd0x53d	nil
0x11bd0xaf0	nil
0x11ba0x53d	nil
0x11ba0xaf0	nil
0x11b80x53d	nil
0x11b80xaf0	nil
0x11b70x53d	nil
0x11b70xaf0	nil
0x11b60x53d	nil
0x11b60xaf0	nil
0x11b40x53d	nil
0x11b40xaf0	nil
0x11af0x53d	nil
0x11af0xaf0	nil
0x11ae0x53d	nil
0x11ae0xaf0	nil
0x11ac0x53d	nil
0x11ac0xaf0	nil
0x11aa0x53d	nil
0x11aa0xaf0	nil
0x11a90x53d	nil
0x11a90xaf0	nil
0x11a70x53d	nil
0x11a70xaf0	nil
0x11a40x53d	nil
0x11a40xaf0	nil
0x11a20x53d	nil
0x11a20xaf0	nil
0x11a10x53d	nil
0x11a10xaf0	nil
0x11a00x53d	nil
0x11a00xaf0	nil
0x119e0x53d	nil
0x119e0xaf0	nil
0x119b0x100	nil
0x119b0x49c	nil
0x119b0xd13	nil
0x11990x100	nil
0x11990x49c	nil
0x11990xd13	nil
0x11960x100	nil
0x11960x49c	nil
0x11960xd13	nil
0x11950x100	nil
0x11950x49c	nil
0x11950xd13	nil
0x11930x100	nil
0x11930x49c	nil
0x11930xd13	nil
0x11920x100	nil
0x11920x49c	nil
0x11920xd13	nil
0x11900x100	nil
0x11900x49c	nil
0x11900xd13	nil
0x118b0x100	nil
0x118b0x49c	nil
0x118b0xd13	nil
0x11840x100	nil
0x11840x49c	nil
0x11840xd13	nil
0x11830x100	nil
0x11830x49c	nil
0x11830xd13	nil
0x11820x100	nil
0x11820x49c	nil
0x11820xd13	nil
0x11810x100	nil
0x11810x49c	nil
0x11810xd13	nil
0x11800x100	nil
0x11800x49c	nil
0x11800xd13	nil
0x117e0x100	nil
0x117e0x49c	nil
0x117e0xd13	nil
0x117c0x100	nil
0x117c0x49c	nil
0x117c0xd13	nil
0x117a0x100	nil
0x117a0x49c	nil
0x117a0xd13	nil
0x11790x100	nil
0x11790x49c	nil
0x11790xd13	nil
0x11770x100	nil
0x11770x49c	nil
0x11770xd13	nil
0x11750x100	nil
0x11750x49c	nil
0x11750xd13	nil
0x11740x100	nil
0x11740x49c	nil
0x11740xd13	nil
0x11720x100	nil
0x11720x49c	nil
0x11720xd13	nil
0x116f0x100	nil
0x116f0x49c	nil
0x116f0xd13	nil
0x116d0x100	nil
0x116d0x49c	nil
0x116d0xd13	nil
0x116c0x100	nil
0x116c0x49c	nil
0x116c0xd13	nil
0x116b0x100	nil
0x116b0x49c	nil
0x116b0xd13	nil
0xde9S0x113	[0xde8, nil]
0xdebS0x113	[0xde8, nil]
0xdedS0x113	[0xde8, nil]
0xdefS0x113	[0xde8, nil]
0xdf1S0x113	[0xde8, nil]
0xdf3S0x113	[0xde8, nil]
0xdf4S0x113	[0xde8, nil]
0xdf6S0x113	[0xde8, nil]
0xdf8S0x113	[0xde8, nil]
0xdf9S0x113	[0xde8, nil]
0x1a39S0x113	[0xde8, nil]
0xde9S0x192	[0xde8, nil]
0xdebS0x192	[0xde8, nil]
0xdedS0x192	[0xde8, nil]
0xdefS0x192	[0xde8, nil]
0xdf1S0x192	[0xde8, nil]
0xdf3S0x192	[0xde8, nil]
0xdf4S0x192	[0xde8, nil]
0xdf6S0x192	[0xde8, nil]
0xdf8S0x192	[0xde8, nil]
0xdf9S0x192	[0xde8, nil]
0x1a39S0x192	[0xde8, nil]
0xde9S0x376	[0xde8, nil]
0xdebS0x376	[0xde8, nil]
0xdedS0x376	[0xde8, nil]
0xdefS0x376	[0xde8, nil]
0xdf1S0x376	[0xde8, nil]
0xdf3S0x376	[0xde8, nil]
0xdf4S0x376	[0xde8, nil]
0xdf6S0x376	[0xde8, nil]
0xdf8S0x376	[0xde8, nil]
0xdf9S0x376	[0xde8, nil]
0x1a39S0x376	[0xde8, nil]
0xe08S0x3a0	[0xdfe, nil]
0xe0aS0x3a0	[0xdfe, nil]
0xe0cS0x3a0	[0xdfe, nil]
0xe0eS0x3a0	[0xdfe, nil]
0xe0fS0x3a0	[0xdfe, nil]
0xe11S0x3a0	[0xdfe, nil]
0xe12S0x3a0	[0xdfe, nil]
0xe14S0x3a0	[0xdfe, nil]
0xe00S0x3a0	[0xdfe, nil]
0xe02S0x3a0	[0xdfe, nil]
0xe03S0x3a0	[0xdfe, nil]
0xe04S0x3a0	[0xdfe, nil]
0x1a5cS0x3a0	[0xdfe, nil]
0x1a61S0x3a0	[0xdfe, nil]
0x1a63S0x3a0	[0xdfe, nil]
0x1a64S0x3a0	[0xdfe, nil]
0x1a66S0x3a0	[0xdfe, nil]
0x1a68S0x3a0	[0xdfe, nil]
0x1a6bS0x3a0	[0xdfe, nil]
0x1a6dS0x3a0	[0xdfe, nil]
0xde9S0x426	[0xde8, nil]
0xdebS0x426	[0xde8, nil]
0xdedS0x426	[0xde8, nil]
0xdefS0x426	[0xde8, nil]
0xdf1S0x426	[0xde8, nil]
0xdf3S0x426	[0xde8, nil]
0xdf4S0x426	[0xde8, nil]
0xdf6S0x426	[0xde8, nil]
0xdf8S0x426	[0xde8, nil]
0xdf9S0x426	[0xde8, nil]
0x1a39S0x426	[0xde8, nil]
0xde9S0x45f	[0xde8, nil]
0xdebS0x45f	[0xde8, nil]
0xdedS0x45f	[0xde8, nil]
0xdefS0x45f	[0xde8, nil]
0xdf1S0x45f	[0xde8, nil]
0xdf3S0x45f	[0xde8, nil]
0xdf4S0x45f	[0xde8, nil]
0xdf6S0x45f	[0xde8, nil]
0xdf8S0x45f	[0xde8, nil]
0xdf9S0x45f	[0xde8, nil]
0x1a39S0x45f	[0xde8, nil]
0xde9S0x518	[0xde8, nil]
0xdebS0x518	[0xde8, nil]
0xdedS0x518	[0xde8, nil]
0xdefS0x518	[0xde8, nil]
0xdf1S0x518	[0xde8, nil]
0xdf3S0x518	[0xde8, nil]
0xdf4S0x518	[0xde8, nil]
0xdf6S0x518	[0xde8, nil]
0xdf8S0x518	[0xde8, nil]
0xdf9S0x518	[0xde8, nil]
0x1a39S0x518	[0xde8, nil]
0xdd3S0xd46	[0xdd2, nil]
0xdd5S0xd46	[0xdd2, nil]
0xdd7S0xd46	[0xdd2, nil]
0xdd9S0xd46	[0xdd2, nil]
0xddbS0xd46	[0xdd2, nil]
0xdddS0xd46	[0xdd2, nil]
0xddeS0xd46	[0xdd2, nil]
0xde0S0xd46	[0xdd2, nil]
0xde2S0xd46	[0xdd2, nil]
0xde3S0xd46	[0xdd2, nil]
0x1a16S0xd46	[0xdd2, nil]
0xdd3S0x199	[0xdd2, nil]
0xdd5S0x199	[0xdd2, nil]
0xdd7S0x199	[0xdd2, nil]
0xdd9S0x199	[0xdd2, nil]
0xddbS0x199	[0xdd2, nil]
0xdddS0x199	[0xdd2, nil]
0xddeS0x199	[0xdd2, nil]
0xde0S0x199	[0xdd2, nil]
0xde2S0x199	[0xdd2, nil]
0xde3S0x199	[0xdd2, nil]
0x1a16S0x199	[0xdd2, nil]
0xe08S0x103d	[0xdfe, nil]
0xe0aS0x103d	[0xdfe, nil]
0xe0cS0x103d	[0xdfe, nil]
0xe0eS0x103d	[0xdfe, nil]
0xe0fS0x103d	[0xdfe, nil]
0xe11S0x103d	[0xdfe, nil]
0xe12S0x103d	[0xdfe, nil]
0xe14S0x103d	[0xdfe, nil]
0xe00S0x103d	[0xdfe, nil]
0xe02S0x103d	[0xdfe, nil]
0xe03S0x103d	[0xdfe, nil]
0xe04S0x103d	[0xdfe, nil]
0x1a5cS0x103d	[0xdfe, nil]
0x1a61S0x103d	[0xdfe, nil]
0x1a63S0x103d	[0xdfe, nil]
0x1a64S0x103d	[0xdfe, nil]
0x1a66S0x103d	[0xdfe, nil]
0x1a68S0x103d	[0xdfe, nil]
0x1a6bS0x103d	[0xdfe, nil]
0x1a6dS0x103d	[0xdfe, nil]
0xe86S0xf83	[0xe68, nil]
0x1af5S0xf83	[0xe68, nil]
0x1afaS0xf83	[0xe68, nil]
0x1afcS0xf83	[0xe68, nil]
0x1afdS0xf83	[0xe68, nil]
0x1affS0xf83	[0xe68, nil]
0x1b01S0xf83	[0xe68, nil]
0x1b04S0xf83	[0xe68, nil]
0x1b06S0xf83	[0xe68, nil]
0xe6aS0xf83	[0xe68, nil]
0xe6dS0xf83	[0xe68, nil]
0xe6fS0xf83	[0xe68, nil]
0xe70S0xf83	[0xe68, nil]
0xe72S0xf83	[0xe68, nil]
0xe75S0xf83	[0xe68, nil]
0xe76S0xf83	[0xe68, nil]
0xe80S0xf83	[0xe68, nil]
0xe81S0xf83	[0xe68, nil]
0xe82S0xf83	[0xe68, nil]
0x10e2S0xd4d	[0x10e1, nil]
0x10e4S0xd4d	[0x10e1, nil]
0x10e5S0xd4d	[0x10e1, nil]
0x10eaS0xd4d	[0x10e1, nil]
0x10ecS0xd4d	[0x10e1, nil]
0x10edS0xd4d	[0x10e1, nil]
0x10f1S0xd4d	[0x10e1, nil]
0x10f3S0xd4d	[0x10e1, nil]
0x10f5S0xd4d	[0x10e1, nil]
0x10f7S0xd4d	[0x10e1, nil]
0x10f8S0xd4d	[0x10e1, nil]
0x10fbS0xd4d	[0x10e1, nil]
0x10fcS0xd4d	[0x10e1, nil]
0x1102S0xd4d	[0x10e1, nil]
0x1103S0xd4d	[0x10e1, nil]
0x1106S0xd4d	[0x10e1, nil]
0x110cS0xd4d	[0x10e1, nil]
0x110fS0xd4d	[0x10e1, nil]
0x1114S0xd4d	[0x10e1, nil]
0x1115S0xd4d	[0x10e1, nil]
0x1117S0xd4d	[0x10e1, nil]
0x1119S0xd4d	[0x10e1, nil]
0x111aS0xd4d	[0x10e1, nil]
0x111bS0xd4d	[0x10e1, nil]
0x111dS0xd4d	[0x10e1, nil]
0x111eS0xd4d	[0x10e1, nil]
0x111fS0xd4d	[0x10e1, nil]
0x1154S0xd4d	[0x10e1, nil]
0x1157S0xd4d	[0x10e1, nil]
0x1158S0xd4d	[0x10e1, nil]
0x1159S0xd4d	[0x10e1, nil]
0x1caaS0xd4d	[0x10e1, nil]
0x1cafS0xd4d	[0x10e1, nil]
0x1cb1S0xd4d	[0x10e1, nil]
0x1cb2S0xd4d	[0x10e1, nil]
0x1cb6S0xd4d	[0x10e1, nil]
0x1cb8S0xd4d	[0x10e1, nil]
0x1cbaS0xd4d	[0x10e1, nil]
0x1cbcS0xd4d	[0x10e1, nil]
0x1cbdS0xd4d	[0x10e1, nil]
0x1cc1S0xd4d	[0x10e1, nil]
0x1cc2S0xd4d	[0x10e1, nil]
0x1cc5S0xd4d	[0x10e1, nil]
0x1ceaS0xd4d	[0x10e1, nil]
0x1cebS0xd4d	[0x10e1, nil]
0x1ceeS0xd4d	[0x10e1, nil]
0x1124S0xd4d	[0x10e1, nil]
0x1127S0xd4d	[0x10e1, nil]
0x1128S0xd4d	[0x10e1, nil]
0x112bS0xd4d	[0x10e1, nil]
0x112cS0xd4d	[0x10e1, nil]
0x1123_0x1S0xd4d	[0x10e1, nil]
0x115eS0xd4d	[0x10e1, nil]
0x115fS0xd4d	[0x10e1, nil]
0x1160S0xd4d	[0x10e1, nil]
0x1161S0xd4d	[0x10e1, nil]
0x1162S0xd4d	[0x10e1, nil]
0x1163S0xd4d	[0x10e1, nil]
0x1164S0xd4d	[0x10e1, nil]
0x1166S0xd4d	[0x10e1, nil]
0xe2fS0xd8d	[0xe2b, nil]
0xe32S0xd8d	[0xe2b, nil]
0xe33S0xd8d	[0xe2b, nil]
0x1a8fS0xd8d	[0xe2b, nil]
0x1a94S0xd8d	[0xe2b, nil]
0x1a96S0xd8d	[0xe2b, nil]
0x1a97S0xd8d	[0xe2b, nil]
0x1a99S0xd8d	[0xe2b, nil]
0x1a9bS0xd8d	[0xe2b, nil]
0x1a9eS0xd8d	[0xe2b, nil]
0x1aa0S0xd8d	[0xe2b, nil]
0xe86S0x1016	[0xe68, nil]
0x1af5S0x1016	[0xe68, nil]
0x1afaS0x1016	[0xe68, nil]
0x1afcS0x1016	[0xe68, nil]
0x1afdS0x1016	[0xe68, nil]
0x1affS0x1016	[0xe68, nil]
0x1b01S0x1016	[0xe68, nil]
0x1b04S0x1016	[0xe68, nil]
0x1b06S0x1016	[0xe68, nil]
0xe6aS0x1016	[0xe68, nil]
0xe6dS0x1016	[0xe68, nil]
0xe6fS0x1016	[0xe68, nil]
0xe70S0x1016	[0xe68, nil]
0xe72S0x1016	[0xe68, nil]
0xe75S0x1016	[0xe68, nil]
0xe76S0x1016	[0xe68, nil]
0xe80S0x1016	[0xe68, nil]
0xe81S0x1016	[0xe68, nil]
0xe82S0x1016	[0xe68, nil]
0x1c77S0x1062	[0x1030, nil]
0x1c7cS0x1062	[0x1030, nil]
0x1c7eS0x1062	[0x1030, nil]
0x1c7fS0x1062	[0x1030, nil]
0x1c81S0x1062	[0x1030, nil]
0x1c83S0x1062	[0x1030, nil]
0x1c86S0x1062	[0x1030, nil]
0x1c88S0x1062	[0x1030, nil]
0x1034S0x1062	[0x1030, nil]
0x1037S0x1062	[0x1030, nil]
0x1038S0x1062	[0x1030, nil]
0xf6aS0xfce	[0xf69, nil]
0xf6dS0xfce	[0xf69, nil]
0xf75S0xfce	[0xf69, nil]
0xf78S0xfce	[0xf69, nil]
0xf7aS0xfce	[0xf69, nil]
0xf7cS0xfce	[0xf69, nil]
0xf4cS0xf69S0xfce	[0xf69, [0xf2d, nil]]
0xf4dS0xf69S0xfce	[0xf69, [0xf2d, nil]]
0xf4fS0xf69S0xfce	[0xf69, [0xf2d, nil]]
0xf51S0xf69S0xfce	[0xf69, [0xf2d, nil]]
0xf53S0xf69S0xfce	[0xf69, [0xf2d, nil]]
0xf54S0xf69S0xfce	[0xf69, [0xf2d, nil]]
0xf55S0xf69S0xfce	[0xf69, [0xf2d, nil]]
0xf58S0xf69S0xfce	[0xf69, [0xf2d, nil]]
0xf5cS0xf69S0xfce	[0xf69, [0xf2d, nil]]
0xf60S0xf69S0xfce	[0xf69, [0xf2d, nil]]
0xf62S0xf69S0xfce	[0xf69, [0xf2d, nil]]
0xf64S0xf69S0xfce	[0xf69, [0xf2d, nil]]
0xf65S0xf69S0xfce	[0xf69, [0xf2d, nil]]
0xf4a_0x0S0xf69S0xfce	[0xf69, [0xf2d, nil]]
0xf4a_0x2S0xf69S0xfce	[0xf69, [0xf2d, nil]]
0xf4a_0x3S0xf69S0xfce	[0xf69, [0xf2d, nil]]
0xf40S0xf69S0xfce	[0xf69, [0xf2d, nil]]
0xf41S0xf69S0xfce	[0xf69, [0xf2d, nil]]
0xf3d_0x0S0xf69S0xfce	[0xf69, [0xf2d, nil]]
0xf2fS0xf69S0xfce	[0xf69, [0xf2d, nil]]
0xf33S0xf69S0xfce	[0xf69, [0xf2d, nil]]
0xf38S0xf69S0xfce	[0xf69, [0xf2d, nil]]
0xf3aS0xf69S0xfce	[0xf69, [0xf2d, nil]]
0xf3cS0xf69S0xfce	[0xf69, [0xf2d, nil]]
0xf45_0x3S0xf69S0xfce	[0xf69, [0xf2d, nil]]
0xec4S0x1d9e	[0xea7, nil]
0xec7S0x1d9e	[0xea7, nil]
0xecaS0x1d9e	[0xea7, nil]
0xecbS0x1d9e	[0xea7, nil]
0xeccS0x1d9e	[0xea7, nil]
0xecdS0x1d9e	[0xea7, nil]
0xf0cS0x1d9e	[0xea7, nil]
0xf0eS0x1d9e	[0xea7, nil]
0x1b8eS0x1d9e	[0xea7, nil]
0x1bb1S0x1d9e	[0xea7, nil]
0x1bd4S0x1d9e	[0xea7, nil]
0x1bf7S0x1d9e	[0xea7, nil]
0x1bfcS0x1d9e	[0xea7, nil]
0x1bfeS0x1d9e	[0xea7, nil]
0x1bffS0x1d9e	[0xea7, nil]
0x1c01S0x1d9e	[0xea7, nil]
0x1c03S0x1d9e	[0xea7, nil]
0x1c06S0x1d9e	[0xea7, nil]
0x1c08S0x1d9e	[0xea7, nil]
0xefcS0x1d9e	[0xea7, nil]
0xf00S0x1d9e	[0xea7, nil]
0xf03S0x1d9e	[0xea7, nil]
0xf04S0x1d9e	[0xea7, nil]
0xf07S0x1d9e	[0xea7, nil]
0xf08S0x1d9e	[0xea7, nil]
0x1c2aS0x1d9e	[0xea7, nil]
0xf1fS0x1d9e	[0xea7, nil]
0xf22S0x1d9e	[0xea7, nil]
0xf26S0x1d9e	[0xea7, nil]
0xf28S0x1d9e	[0xea7, nil]
0xf29S0x1d9e	[0xea7, nil]
0xf1d_0x0S0x1d9e	[0xea7, nil]
0xf1d_0x1S0x1d9e	[0xea7, nil]
0xf13S0x1d9e	[0xea7, nil]
0xf14S0x1d9e	[0xea7, nil]
0xf10_0x1S0x1d9e	[0xea7, nil]
0xea8S0x1d9e	[0xea7, nil]
0xeacS0x1d9e	[0xea7, nil]
0xeadS0x1d9e	[0xea7, nil]
0xeaeS0x1d9e	[0xea7, nil]
0xeb3S0x1d9e	[0xea7, nil]
0xeb5S0x1d9e	[0xea7, nil]
0xebfS0x1d9e	[0xea7, nil]
0xec0S0x1d9e	[0xea7, nil]
0xed2S0x1d9e	[0xea7, nil]
0xed4S0x1d9e	[0xea7, nil]
0xedeS0x1d9e	[0xea7, nil]
0xedfS0x1d9e	[0xea7, nil]
0xee4S0x1d9e	[0xea7, nil]
0xee6S0x1d9e	[0xea7, nil]
0xee8S0x1d9e	[0xea7, nil]
0xeebS0x1d9e	[0xea7, nil]
0xeedS0x1d9e	[0xea7, nil]
0xef0S0x1d9e	[0xea7, nil]
0xef2S0x1d9e	[0xea7, nil]
0xef5S0x1d9e	[0xea7, nil]
0xe86S0xee3S0x1d9e	[0xea7, [0xe68, nil]]
0x1af5S0xee3S0x1d9e	[0xea7, [0xe68, nil]]
0x1afaS0xee3S0x1d9e	[0xea7, [0xe68, nil]]
0x1afcS0xee3S0x1d9e	[0xea7, [0xe68, nil]]
0x1afdS0xee3S0x1d9e	[0xea7, [0xe68, nil]]
0x1affS0xee3S0x1d9e	[0xea7, [0xe68, nil]]
0x1b01S0xee3S0x1d9e	[0xea7, [0xe68, nil]]
0x1b04S0xee3S0x1d9e	[0xea7, [0xe68, nil]]
0x1b06S0xee3S0x1d9e	[0xea7, [0xe68, nil]]
0xe6aS0xee3S0x1d9e	[0xea7, [0xe68, nil]]
0xe6dS0xee3S0x1d9e	[0xea7, [0xe68, nil]]
0xe6fS0xee3S0x1d9e	[0xea7, [0xe68, nil]]
0xe70S0xee3S0x1d9e	[0xea7, [0xe68, nil]]
0xe72S0xee3S0x1d9e	[0xea7, [0xe68, nil]]
0xe75S0xee3S0x1d9e	[0xea7, [0xe68, nil]]
0xe76S0xee3S0x1d9e	[0xea7, [0xe68, nil]]
0xe80S0xee3S0x1d9e	[0xea7, [0xe68, nil]]
0xe81S0xee3S0x1d9e	[0xea7, [0xe68, nil]]
0xe82S0xee3S0x1d9e	[0xea7, [0xe68, nil]]
0x1da5	nil
0xff6	nil
0x1a0	nil
0xd4c	nil
0x11c	nil
0x198	nil
0x37c	nil
0x43a	nil
0x46a	nil
0x52c	nil
0x3a8	nil
0x1061	nil
0xdac	nil
0x106a	nil
0x124	nil
0x228	nil
0x334	nil
0x34c	nil
0x356	nil
0x35e	nil
0x3d5	nil
0x473	nil
0x4b4	nil
0x559	nil
0xb0b	nil
0xd0a	nil
0xd2b	nil
0xdcc	nil
0xe96	nil
0xea6	nil
0xfb7	nil
0xfcd	nil
0x1011	nil
0x1015	nil
0x102f	nil
0x106f	nil
0x1248	nil
0x11890x100	nil
0x11890x49c	nil
0x11890xd13	nil
0x11c50x53d	nil
0x11c50xaf0	nil
0xdd1	nil
0xd	nil
0xda	nil
0xe5	nil
0x106	nil
0x112	nil
0x133	nil
0x13e	nil
0x15c	nil
0x167	nil
0x185	nil
0x191	nil
0x1b8	nil
0x1e4	nil
0x1ee	nil
0x1f6	nil
0x1fc	nil
0x21f	nil
0x369	nil
0x375	nil
0x39f	nil
0x3e4	nil
0x3ef	nil
0x419	nil
0x425	nil
0x452	nil
0x45e	nil
0x484	nil
0x48f	nil
0x4a2	nil
0x4ad	nil
0x50b	nil
0x517	nil
0x543	nil
0x54f	nil
0xaf5	nil
0xb01	nil
0xcf2	nil
0xcfe	nil
0xd18	nil
0xd24	nil
0xd39	nil
0xd45	nil
0xe91	nil
0xea1	nil
0x1001	nil
0x100b	nil
0x1247	nil
0x1da7	nil
0x1da9	nil
0x1dab	nil
0x1dad	nil
0x1daf	nil
0x1db1	nil
0x1db3	nil
0x1db5	nil
0x1db7	nil
0x1db9	nil
0x1dbb	nil
0x1dbd	nil
0x1dbf	nil
0x1dc1	nil
0x1dc3	nil
0x1dc5	nil
0x1dc7	nil
0x11880x100	nil
0x11880x49c	nil
0x11880xd13	nil
0x11b30x53d	nil
0x11b30xaf0	nil
0xfc	nil
0x155	nil
0x17e	nil
0x3d9	nil
0x412	nil
0x44b	nil
0x47d	nil
0x49b	nil
0x53c	nil
0xd12	nil
0x10	nil
0xd4	nil
0x343	nil
0x362	nil
0x3dd	nil
0x1257	nil
0x1308	nil
0x132a	nil
0x134c	nil
0x136e	nil
0x1390	nil
0x13b2	nil
0x13d4	nil
0x13f6	nil
0x1418	nil
0x143a	nil
0x145c	nil
0x147e	nil
0x14a0	nil
0x14c2	nil
0x14e4	nil
0x1506	nil
0x1528	nil
0x154a	nil
0x156c	nil
0x158e	nil
0x15b0	nil
0x15d2	nil
0x15f4	nil
0x1616	nil
0x1639	nil
0x165c	nil
0x1869	nil
0x188c	nil
0x1946	nil
0x1969	nil
0x198c	nil
0x19af	nil
0x19d2	nil
0x19f5	nil
0x1b3a	nil
0x1b6d	nil
0x1c56	nil
0x119c0x100	nil
0x119c0x49c	nil
0x119c0xd13	nil
0x11d40x53d	nil
0x11d40xaf0	nil
0xfa3	nil
0xf8	nil
0x151	nil
0x17a	nil
0x1c6	nil
0x219	nil
0x32e	nil
0x33f	nil
0x388	nil
0x38d	nil
0x3cd	nil
0x3d2	nil
0x3d4	nil
0x3fd	nil
0x40e	nil
0x43e	nil
0x442	nil
0x44a	nil
0x47c	nil
0x49a	nil
0x530	nil
0x533	nil
0x53b	nil
0xd11	nil
0xd99	nil
0xd9e	nil
0xdb6	nil
0xdbe	nil
0xdc3	nil
0xf9b	nil
0xfb9	nil
0xfcf	nil
0xfee	nil
0x1055	nil
0x1059	nil
0x123d	nil
0x1253	nil
0x1b31	nil
0x1b36	nil
0x1b64	nil
0x1b69	nil
0x11780x100	nil
0x11780x49c	nil
0x11780xd13	nil
0x11940x100	nil
0x11980x100	nil
0x11940x49c	nil
0x11980x49c	nil
0x11940xd13	nil
0x11980xd13	nil
0x11ad0x53d	nil
0x11ad0xaf0	nil
0x11c30x53d	nil
0x11c30xaf0	nil
0x11d00x53d	nil
0x11d00xaf0	nil
0x21a	nil
0x32f	nil
0xdaf	nil
0x11c40x53d	nil
0x11c40xaf0	nil
0xdd0	nil
0x1020	nil
0x1c53	nil
0xd8c	nil
0xf96	nil
0x1029	nil
0x1dca	nil
0x1dcd	nil
0x1dd0	nil
0x1dd3	nil
0x1dd6	nil
0x1df7	nil
0x1dfa	nil
0x1e02	nil
0x1e05	nil
0x1e08	nil
0x1e0b	nil
0x1e13	nil
0x1e16	nil
0x1e1e	nil
0x1e26	nil
0x1e29	nil
0x1e2c	nil
0xdfdS0x113	[0xde8, nil]
0xdfcS0x113	[0xde8, nil]
0x1a3bS0x113	[0xde8, nil]
0xdfdS0x192	[0xde8, nil]
0xdfcS0x192	[0xde8, nil]
0x1a3bS0x192	[0xde8, nil]
0xdfdS0x376	[0xde8, nil]
0xdfcS0x376	[0xde8, nil]
0x1a3bS0x376	[0xde8, nil]
0xe09S0x3a0	[0xdfe, nil]
0xe16S0x3a0	[0xdfe, nil]
0xe07S0x3a0	[0xdfe, nil]
0x1a6eS0x3a0	[0xdfe, nil]
0x1a65S0x3a0	[0xdfe, nil]
0x1a6aS0x3a0	[0xdfe, nil]
0xdfdS0x426	[0xde8, nil]
0xdfcS0x426	[0xde8, nil]
0x1a3bS0x426	[0xde8, nil]
0xdfdS0x45f	[0xde8, nil]
0xdfcS0x45f	[0xde8, nil]
0x1a3bS0x45f	[0xde8, nil]
0xdfdS0x518	[0xde8, nil]
0xdfcS0x518	[0xde8, nil]
0x1a3bS0x518	[0xde8, nil]
0xde7S0xd46	[0xdd2, nil]
0xde6S0xd46	[0xdd2, nil]
0x1a18S0xd46	[0xdd2, nil]
0xde7S0x199	[0xdd2, nil]
0xde6S0x199	[0xdd2, nil]
0x1a18S0x199	[0xdd2, nil]
0xe09S0x103d	[0xdfe, nil]
0xe16S0x103d	[0xdfe, nil]
0xe07S0x103d	[0xdfe, nil]
0x1a6eS0x103d	[0xdfe, nil]
0x1a65S0x103d	[0xdfe, nil]
0x1a6aS0x103d	[0xdfe, nil]
0xe88S0xf83	[0xe68, nil]
0xe89S0xf83	[0xe68, nil]
0x1b07S0xf83	[0xe68, nil]
0x1afeS0xf83	[0xe68, nil]
0x1b03S0xf83	[0xe68, nil]
0xe85S0xf83	[0xe68, nil]
0x1122S0xd4d	[0x10e1, nil]
0x10f0S0xd4d	[0x10e1, nil]
0x10feS0xd4d	[0x10e1, nil]
0x1105S0xd4d	[0x10e1, nil]
0x110bS0xd4d	[0x10e1, nil]
0x115cS0xd4d	[0x10e1, nil]
0x1cc8S0xd4d	[0x10e1, nil]
0x1cb5S0xd4d	[0x10e1, nil]
0x1cc4S0xd4d	[0x10e1, nil]
0x1cf0S0xd4d	[0x10e1, nil]
0x1cedS0xd4d	[0x10e1, nil]
0x112fS0xd4d	[0x10e1, nil]
0x1126S0xd4d	[0x10e1, nil]
0x112aS0xd4d	[0x10e1, nil]
0x1131S0xd4d	[0x10e1, nil]
0x1169S0xd4d	[0x10e1, nil]
0xe37S0xd8d	[0xe2b, nil]
0xe36S0xd8d	[0xe2b, nil]
0x1aa1S0xd8d	[0xe2b, nil]
0x1a98S0xd8d	[0xe2b, nil]
0x1a9dS0xd8d	[0xe2b, nil]
0xe88S0x1016	[0xe68, nil]
0xe89S0x1016	[0xe68, nil]
0x1b07S0x1016	[0xe68, nil]
0x1afeS0x1016	[0xe68, nil]
0x1b03S0x1016	[0xe68, nil]
0xe85S0x1016	[0xe68, nil]
0x103cS0x1062	[0x1030, nil]
0x1c89S0x1062	[0x1030, nil]
0x1c80S0x1062	[0x1030, nil]
0x1c85S0x1062	[0x1030, nil]
0x103bS0x1062	[0x1030, nil]
0xf82S0xfce	[0xf69, nil]
0xf7fS0xfce	[0xf69, nil]
0xf73S0xfce	[0xf69, nil]
0xf79S0xfce	[0xf69, nil]
0xf68S0xf69S0xfce	[0xf69, [0xf2d, nil]]
0xf57S0xf69S0xfce	[0xf69, [0xf2d, nil]]
0xf44S0xf69S0xfce	[0xf69, [0xf2d, nil]]
0xf37S0xf69S0xfce	[0xf69, [0xf2d, nil]]
0xf49S0xf69S0xfce	[0xf69, [0xf2d, nil]]
0xed0S0x1d9e	[0xea7, nil]
0x1b90S0x1d9e	[0xea7, nil]
0x1bb3S0x1d9e	[0xea7, nil]
0x1bd6S0x1d9e	[0xea7, nil]
0x1c09S0x1d9e	[0xea7, nil]
0x1c00S0x1d9e	[0xea7, nil]
0x1c05S0x1d9e	[0xea7, nil]
0xf0bS0x1d9e	[0xea7, nil]
0xefbS0x1d9e	[0xea7, nil]
0x1c2cS0x1d9e	[0xea7, nil]
0xf2cS0x1d9e	[0xea7, nil]
0xf21S0x1d9e	[0xea7, nil]
0xf17S0x1d9e	[0xea7, nil]
0xeb1S0x1d9e	[0xea7, nil]
0xec3S0x1d9e	[0xea7, nil]
0xee2S0x1d9e	[0xea7, nil]
0xef8S0x1d9e	[0xea7, nil]
0xf1cS0x1d9e	[0xea7, nil]
0xe88S0xee3S0x1d9e	[0xea7, [0xe68, nil]]
0xe89S0xee3S0x1d9e	[0xea7, [0xe68, nil]]
0x1b07S0xee3S0x1d9e	[0xea7, [0xe68, nil]]
0x1afeS0xee3S0x1d9e	[0xea7, [0xe68, nil]]
0x1b03S0xee3S0x1d9e	[0xea7, [0xe68, nil]]
0xe85S0xee3S0x1d9e	[0xea7, [0xe68, nil]]
